Dates,NomInvestment,NomConsumption,M2,NomImports,NomExports,Repo7Day,DepositRate1YBench,NomGDP,GDPDeflator,CPI,InvestmentPrice
1949,NaN,NaN,NaN,NaN,NaN,NaN,NaN,NaN,NaN,NaN,NaN
1949.083333,NaN,NaN,NaN,NaN,NaN,NaN,NaN,NaN,NaN,NaN,NaN
1949.166667,NaN,NaN,NaN,NaN,NaN,NaN,NaN,NaN,NaN,NaN,NaN
1949.25,NaN,NaN,NaN,NaN,NaN,NaN,NaN,NaN,NaN,NaN,NaN
1949.333333,NaN,NaN,NaN,NaN,NaN,NaN,NaN,NaN,NaN,NaN,NaN
1949.416667,NaN,NaN,NaN,NaN,NaN,NaN,NaN,NaN,NaN,NaN,NaN
1949.5,NaN,NaN,NaN,NaN,NaN,NaN,NaN,NaN,NaN,NaN,NaN
1949.583333,NaN,NaN,NaN,NaN,NaN,NaN,NaN,NaN,NaN,NaN,NaN
1949.666667,NaN,NaN,NaN,NaN,NaN,NaN,NaN,NaN,NaN,NaN,NaN
1949.75,NaN,NaN,NaN,NaN,NaN,NaN,NaN,NaN,NaN,NaN,NaN
1949.833333,NaN,NaN,NaN,NaN,NaN,NaN,NaN,NaN,NaN,NaN,NaN
1949.916667,NaN,NaN,NaN,NaN,NaN,NaN,NaN,NaN,NaN,NaN,NaN
1950,NaN,NaN,NaN,NaN,NaN,NaN,NaN,NaN,NaN,NaN,NaN
1950.083333,NaN,NaN,NaN,NaN,NaN,NaN,NaN,NaN,NaN,NaN,NaN
1950.166667,NaN,NaN,NaN,NaN,NaN,NaN,NaN,NaN,NaN,NaN,NaN
1950.25,NaN,NaN,NaN,NaN,NaN,NaN,NaN,NaN,NaN,NaN,NaN
1950.333333,NaN,NaN,NaN,NaN,NaN,NaN,NaN,NaN,NaN,NaN,NaN
1950.416667,NaN,NaN,NaN,NaN,NaN,NaN,NaN,NaN,NaN,NaN,NaN
1950.5,NaN,NaN,NaN,NaN,NaN,NaN,NaN,NaN,NaN,NaN,NaN
1950.583333,NaN,NaN,NaN,NaN,NaN,NaN,NaN,NaN,NaN,NaN,NaN
1950.666667,NaN,NaN,NaN,NaN,NaN,NaN,NaN,NaN,NaN,NaN,NaN
1950.75,NaN,NaN,NaN,NaN,NaN,NaN,NaN,NaN,NaN,NaN,NaN
1950.833333,NaN,NaN,NaN,NaN,NaN,NaN,NaN,NaN,NaN,NaN,NaN
1950.916667,NaN,NaN,NaN,NaN,NaN,NaN,NaN,NaN,NaN,NaN,NaN
1951,NaN,NaN,NaN,NaN,NaN,NaN,NaN,NaN,NaN,NaN,NaN
1951.083333,NaN,NaN,NaN,NaN,NaN,NaN,NaN,NaN,NaN,NaN,NaN
1951.166667,NaN,NaN,NaN,NaN,NaN,NaN,NaN,NaN,NaN,NaN,NaN
1951.25,NaN,NaN,NaN,NaN,NaN,NaN,NaN,NaN,NaN,NaN,NaN
1951.333333,NaN,NaN,NaN,NaN,NaN,NaN,NaN,NaN,NaN,NaN,NaN
1951.416667,NaN,NaN,NaN,NaN,NaN,NaN,NaN,NaN,NaN,NaN,NaN
1951.5,NaN,NaN,NaN,NaN,NaN,NaN,NaN,NaN,NaN,NaN,NaN
1951.583333,NaN,NaN,NaN,NaN,NaN,NaN,NaN,NaN,NaN,NaN,NaN
1951.666667,NaN,NaN,NaN,NaN,NaN,NaN,NaN,NaN,NaN,NaN,NaN
1951.75,NaN,NaN,NaN,NaN,NaN,NaN,NaN,NaN,NaN,NaN,NaN
1951.833333,NaN,NaN,NaN,NaN,NaN,NaN,NaN,NaN,NaN,NaN,NaN
1951.916667,NaN,NaN,NaN,NaN,NaN,NaN,NaN,NaN,NaN,NaN,NaN
1952,NaN,NaN,NaN,NaN,NaN,NaN,NaN,NaN,NaN,NaN,NaN
1952.083333,NaN,NaN,NaN,NaN,NaN,NaN,NaN,NaN,NaN,NaN,NaN
1952.166667,NaN,NaN,NaN,NaN,NaN,NaN,NaN,NaN,NaN,NaN,NaN
1952.25,NaN,NaN,NaN,NaN,NaN,NaN,NaN,NaN,NaN,NaN,NaN
1952.333333,NaN,NaN,NaN,NaN,NaN,NaN,NaN,NaN,NaN,NaN,NaN
1952.416667,NaN,NaN,NaN,NaN,NaN,NaN,NaN,NaN,NaN,NaN,NaN
1952.5,NaN,NaN,NaN,NaN,NaN,NaN,NaN,NaN,NaN,NaN,NaN
1952.583333,NaN,NaN,NaN,NaN,NaN,NaN,NaN,NaN,NaN,NaN,NaN
1952.666667,NaN,NaN,NaN,NaN,NaN,NaN,NaN,NaN,NaN,NaN,NaN
1952.75,NaN,NaN,NaN,NaN,NaN,NaN,NaN,NaN,NaN,NaN,NaN
1952.833333,NaN,NaN,NaN,NaN,NaN,NaN,NaN,NaN,NaN,NaN,NaN
1952.916667,NaN,NaN,NaN,NaN,NaN,NaN,NaN,NaN,NaN,NaN,NaN
1953,NaN,NaN,NaN,NaN,NaN,NaN,NaN,NaN,NaN,NaN,NaN
1953.083333,NaN,NaN,NaN,NaN,NaN,NaN,NaN,NaN,NaN,NaN,NaN
1953.166667,NaN,NaN,NaN,NaN,NaN,NaN,NaN,NaN,NaN,NaN,NaN
1953.25,NaN,NaN,NaN,NaN,NaN,NaN,NaN,NaN,NaN,NaN,NaN
1953.333333,NaN,NaN,NaN,NaN,NaN,NaN,NaN,NaN,NaN,NaN,NaN
1953.416667,NaN,NaN,NaN,NaN,NaN,NaN,NaN,NaN,NaN,NaN,NaN
1953.5,NaN,NaN,NaN,NaN,NaN,NaN,NaN,NaN,NaN,NaN,NaN
1953.583333,NaN,NaN,NaN,NaN,NaN,NaN,NaN,NaN,NaN,NaN,NaN
1953.666667,NaN,NaN,NaN,NaN,NaN,NaN,NaN,NaN,NaN,NaN,NaN
1953.75,NaN,NaN,NaN,NaN,NaN,NaN,NaN,NaN,NaN,NaN,NaN
1953.833333,NaN,NaN,NaN,NaN,NaN,NaN,NaN,NaN,NaN,NaN,NaN
1953.916667,NaN,NaN,NaN,NaN,NaN,NaN,NaN,NaN,NaN,NaN,NaN
1954,NaN,NaN,NaN,NaN,NaN,NaN,NaN,NaN,NaN,NaN,NaN
1954.083333,NaN,NaN,NaN,NaN,NaN,NaN,NaN,NaN,NaN,NaN,NaN
1954.166667,NaN,NaN,NaN,NaN,NaN,NaN,NaN,NaN,NaN,NaN,NaN
1954.25,NaN,NaN,NaN,NaN,NaN,NaN,NaN,NaN,NaN,NaN,NaN
1954.333333,NaN,NaN,NaN,NaN,NaN,NaN,NaN,NaN,NaN,NaN,NaN
1954.416667,NaN,NaN,NaN,NaN,NaN,NaN,NaN,NaN,NaN,NaN,NaN
1954.5,NaN,NaN,NaN,NaN,NaN,NaN,NaN,NaN,NaN,NaN,NaN
1954.583333,NaN,NaN,NaN,NaN,NaN,NaN,NaN,NaN,NaN,NaN,NaN
1954.666667,NaN,NaN,NaN,NaN,NaN,NaN,NaN,NaN,NaN,NaN,NaN
1954.75,NaN,NaN,NaN,NaN,NaN,NaN,NaN,NaN,NaN,NaN,NaN
1954.833333,NaN,NaN,NaN,NaN,NaN,NaN,NaN,NaN,NaN,NaN,NaN
1954.916667,NaN,NaN,NaN,NaN,NaN,NaN,NaN,NaN,NaN,NaN,NaN
1955,NaN,NaN,NaN,NaN,NaN,NaN,NaN,NaN,NaN,NaN,NaN
1955.083333,NaN,NaN,NaN,NaN,NaN,NaN,NaN,NaN,NaN,NaN,NaN
1955.166667,NaN,NaN,NaN,NaN,NaN,NaN,NaN,NaN,NaN,NaN,NaN
1955.25,NaN,NaN,NaN,NaN,NaN,NaN,NaN,NaN,NaN,NaN,NaN
1955.333333,NaN,NaN,NaN,NaN,NaN,NaN,NaN,NaN,NaN,NaN,NaN
1955.416667,NaN,NaN,NaN,NaN,NaN,NaN,NaN,NaN,NaN,NaN,NaN
1955.5,NaN,NaN,NaN,NaN,NaN,NaN,NaN,NaN,NaN,NaN,NaN
1955.583333,NaN,NaN,NaN,NaN,NaN,NaN,NaN,NaN,NaN,NaN,NaN
1955.666667,NaN,NaN,NaN,NaN,NaN,NaN,NaN,NaN,NaN,NaN,NaN
1955.75,NaN,NaN,NaN,NaN,NaN,NaN,NaN,NaN,NaN,NaN,NaN
1955.833333,NaN,NaN,NaN,NaN,NaN,NaN,NaN,NaN,NaN,NaN,NaN
1955.916667,NaN,NaN,NaN,NaN,NaN,NaN,NaN,NaN,NaN,NaN,NaN
1956,NaN,NaN,NaN,NaN,NaN,NaN,NaN,NaN,NaN,NaN,NaN
1956.083333,NaN,NaN,NaN,NaN,NaN,NaN,NaN,NaN,NaN,NaN,NaN
1956.166667,NaN,NaN,NaN,NaN,NaN,NaN,NaN,NaN,NaN,NaN,NaN
1956.25,NaN,NaN,NaN,NaN,NaN,NaN,NaN,NaN,NaN,NaN,NaN
1956.333333,NaN,NaN,NaN,NaN,NaN,NaN,NaN,NaN,NaN,NaN,NaN
1956.416667,NaN,NaN,NaN,NaN,NaN,NaN,NaN,NaN,NaN,NaN,NaN
1956.5,NaN,NaN,NaN,NaN,NaN,NaN,NaN,NaN,NaN,NaN,NaN
1956.583333,NaN,NaN,NaN,NaN,NaN,NaN,NaN,NaN,NaN,NaN,NaN
1956.666667,NaN,NaN,NaN,NaN,NaN,NaN,NaN,NaN,NaN,NaN,NaN
1956.75,NaN,NaN,NaN,NaN,NaN,NaN,NaN,NaN,NaN,NaN,NaN
1956.833333,NaN,NaN,NaN,NaN,NaN,NaN,NaN,NaN,NaN,NaN,NaN
1956.916667,NaN,NaN,NaN,NaN,NaN,NaN,NaN,NaN,NaN,NaN,NaN
1957,NaN,NaN,NaN,NaN,NaN,NaN,NaN,NaN,NaN,NaN,NaN
1957.083333,NaN,NaN,NaN,NaN,NaN,NaN,NaN,NaN,NaN,NaN,NaN
1957.166667,NaN,NaN,NaN,NaN,NaN,NaN,NaN,NaN,NaN,NaN,NaN
1957.25,NaN,NaN,NaN,NaN,NaN,NaN,NaN,NaN,NaN,NaN,NaN
1957.333333,NaN,NaN,NaN,NaN,NaN,NaN,NaN,NaN,NaN,NaN,NaN
1957.416667,NaN,NaN,NaN,NaN,NaN,NaN,NaN,NaN,NaN,NaN,NaN
1957.5,NaN,NaN,NaN,NaN,NaN,NaN,NaN,NaN,NaN,NaN,NaN
1957.583333,NaN,NaN,NaN,NaN,NaN,NaN,NaN,NaN,NaN,NaN,NaN
1957.666667,NaN,NaN,NaN,NaN,NaN,NaN,NaN,NaN,NaN,NaN,NaN
1957.75,NaN,NaN,NaN,NaN,NaN,NaN,NaN,NaN,NaN,NaN,NaN
1957.833333,NaN,NaN,NaN,NaN,NaN,NaN,NaN,NaN,NaN,NaN,NaN
1957.916667,NaN,NaN,NaN,NaN,NaN,NaN,NaN,NaN,NaN,NaN,NaN
1958,NaN,NaN,NaN,NaN,NaN,NaN,NaN,NaN,NaN,NaN,NaN
1958.083333,NaN,NaN,NaN,NaN,NaN,NaN,NaN,NaN,NaN,NaN,NaN
1958.166667,NaN,NaN,NaN,NaN,NaN,NaN,NaN,NaN,NaN,NaN,NaN
1958.25,NaN,NaN,NaN,NaN,NaN,NaN,NaN,NaN,NaN,NaN,NaN
1958.333333,NaN,NaN,NaN,NaN,NaN,NaN,NaN,NaN,NaN,NaN,NaN
1958.416667,NaN,NaN,NaN,NaN,NaN,NaN,NaN,NaN,NaN,NaN,NaN
1958.5,NaN,NaN,NaN,NaN,NaN,NaN,NaN,NaN,NaN,NaN,NaN
1958.583333,NaN,NaN,NaN,NaN,NaN,NaN,NaN,NaN,NaN,NaN,NaN
1958.666667,NaN,NaN,NaN,NaN,NaN,NaN,NaN,NaN,NaN,NaN,NaN
1958.75,NaN,NaN,NaN,NaN,NaN,NaN,NaN,NaN,NaN,NaN,NaN
1958.833333,NaN,NaN,NaN,NaN,NaN,NaN,NaN,NaN,NaN,NaN,NaN
1958.916667,NaN,NaN,NaN,NaN,NaN,NaN,NaN,NaN,NaN,NaN,NaN
1959,NaN,NaN,NaN,NaN,NaN,NaN,NaN,NaN,NaN,NaN,NaN
1959.083333,NaN,NaN,NaN,NaN,NaN,NaN,NaN,NaN,NaN,NaN,NaN
1959.166667,NaN,NaN,NaN,NaN,NaN,NaN,NaN,NaN,NaN,NaN,NaN
1959.25,NaN,NaN,NaN,NaN,NaN,NaN,NaN,NaN,NaN,NaN,NaN
1959.333333,NaN,NaN,NaN,NaN,NaN,NaN,NaN,NaN,NaN,NaN,NaN
1959.416667,NaN,NaN,NaN,NaN,NaN,NaN,NaN,NaN,NaN,NaN,NaN
1959.5,NaN,NaN,NaN,NaN,NaN,NaN,NaN,NaN,NaN,NaN,NaN
1959.583333,NaN,NaN,NaN,NaN,NaN,NaN,NaN,NaN,NaN,NaN,NaN
1959.666667,NaN,NaN,NaN,NaN,NaN,NaN,NaN,NaN,NaN,NaN,NaN
1959.75,NaN,NaN,NaN,NaN,NaN,NaN,NaN,NaN,NaN,NaN,NaN
1959.833333,NaN,NaN,NaN,NaN,NaN,NaN,NaN,NaN,NaN,NaN,NaN
1959.916667,NaN,NaN,NaN,NaN,NaN,NaN,NaN,NaN,NaN,NaN,NaN
1960,NaN,NaN,NaN,NaN,NaN,NaN,NaN,NaN,NaN,NaN,NaN
1960.083333,NaN,NaN,NaN,NaN,NaN,NaN,NaN,NaN,NaN,NaN,NaN
1960.166667,NaN,NaN,NaN,NaN,NaN,NaN,NaN,NaN,NaN,NaN,NaN
1960.25,NaN,NaN,NaN,NaN,NaN,NaN,NaN,NaN,NaN,NaN,NaN
1960.333333,NaN,NaN,NaN,NaN,NaN,NaN,NaN,NaN,NaN,NaN,NaN
1960.416667,NaN,NaN,NaN,NaN,NaN,NaN,NaN,NaN,NaN,NaN,NaN
1960.5,NaN,NaN,NaN,NaN,NaN,NaN,NaN,NaN,NaN,NaN,NaN
1960.583333,NaN,NaN,NaN,NaN,NaN,NaN,NaN,NaN,NaN,NaN,NaN
1960.666667,NaN,NaN,NaN,NaN,NaN,NaN,NaN,NaN,NaN,NaN,NaN
1960.75,NaN,NaN,NaN,NaN,NaN,NaN,NaN,NaN,NaN,NaN,NaN
1960.833333,NaN,NaN,NaN,NaN,NaN,NaN,NaN,NaN,NaN,NaN,NaN
1960.916667,NaN,NaN,NaN,NaN,NaN,NaN,NaN,NaN,NaN,NaN,NaN
1961,NaN,NaN,NaN,NaN,NaN,NaN,NaN,NaN,NaN,NaN,NaN
1961.083333,NaN,NaN,NaN,NaN,NaN,NaN,NaN,NaN,NaN,NaN,NaN
1961.166667,NaN,NaN,NaN,NaN,NaN,NaN,NaN,NaN,NaN,NaN,NaN
1961.25,NaN,NaN,NaN,NaN,NaN,NaN,NaN,NaN,NaN,NaN,NaN
1961.333333,NaN,NaN,NaN,NaN,NaN,NaN,NaN,NaN,NaN,NaN,NaN
1961.416667,NaN,NaN,NaN,NaN,NaN,NaN,NaN,NaN,NaN,NaN,NaN
1961.5,NaN,NaN,NaN,NaN,NaN,NaN,NaN,NaN,NaN,NaN,NaN
1961.583333,NaN,NaN,NaN,NaN,NaN,NaN,NaN,NaN,NaN,NaN,NaN
1961.666667,NaN,NaN,NaN,NaN,NaN,NaN,NaN,NaN,NaN,NaN,NaN
1961.75,NaN,NaN,NaN,NaN,NaN,NaN,NaN,NaN,NaN,NaN,NaN
1961.833333,NaN,NaN,NaN,NaN,NaN,NaN,NaN,NaN,NaN,NaN,NaN
1961.916667,NaN,NaN,NaN,NaN,NaN,NaN,NaN,NaN,NaN,NaN,NaN
1962,NaN,NaN,NaN,NaN,NaN,NaN,NaN,NaN,NaN,NaN,NaN
1962.083333,NaN,NaN,NaN,NaN,NaN,NaN,NaN,NaN,NaN,NaN,NaN
1962.166667,NaN,NaN,NaN,NaN,NaN,NaN,NaN,NaN,NaN,NaN,NaN
1962.25,NaN,NaN,NaN,NaN,NaN,NaN,NaN,NaN,NaN,NaN,NaN
1962.333333,NaN,NaN,NaN,NaN,NaN,NaN,NaN,NaN,NaN,NaN,NaN
1962.416667,NaN,NaN,NaN,NaN,NaN,NaN,NaN,NaN,NaN,NaN,NaN
1962.5,NaN,NaN,NaN,NaN,NaN,NaN,NaN,NaN,NaN,NaN,NaN
1962.583333,NaN,NaN,NaN,NaN,NaN,NaN,NaN,NaN,NaN,NaN,NaN
1962.666667,NaN,NaN,NaN,NaN,NaN,NaN,NaN,NaN,NaN,NaN,NaN
1962.75,NaN,NaN,NaN,NaN,NaN,NaN,NaN,NaN,NaN,NaN,NaN
1962.833333,NaN,NaN,NaN,NaN,NaN,NaN,NaN,NaN,NaN,NaN,NaN
1962.916667,NaN,NaN,NaN,NaN,NaN,NaN,NaN,NaN,NaN,NaN,NaN
1963,NaN,NaN,NaN,NaN,NaN,NaN,NaN,NaN,NaN,NaN,NaN
1963.083333,NaN,NaN,NaN,NaN,NaN,NaN,NaN,NaN,NaN,NaN,NaN
1963.166667,NaN,NaN,NaN,NaN,NaN,NaN,NaN,NaN,NaN,NaN,NaN
1963.25,NaN,NaN,NaN,NaN,NaN,NaN,NaN,NaN,NaN,NaN,NaN
1963.333333,NaN,NaN,NaN,NaN,NaN,NaN,NaN,NaN,NaN,NaN,NaN
1963.416667,NaN,NaN,NaN,NaN,NaN,NaN,NaN,NaN,NaN,NaN,NaN
1963.5,NaN,NaN,NaN,NaN,NaN,NaN,NaN,NaN,NaN,NaN,NaN
1963.583333,NaN,NaN,NaN,NaN,NaN,NaN,NaN,NaN,NaN,NaN,NaN
1963.666667,NaN,NaN,NaN,NaN,NaN,NaN,NaN,NaN,NaN,NaN,NaN
1963.75,NaN,NaN,NaN,NaN,NaN,NaN,NaN,NaN,NaN,NaN,NaN
1963.833333,NaN,NaN,NaN,NaN,NaN,NaN,NaN,NaN,NaN,NaN,NaN
1963.916667,NaN,NaN,NaN,NaN,NaN,NaN,NaN,NaN,NaN,NaN,NaN
1964,NaN,NaN,NaN,NaN,NaN,NaN,NaN,NaN,NaN,NaN,NaN
1964.083333,NaN,NaN,NaN,NaN,NaN,NaN,NaN,NaN,NaN,NaN,NaN
1964.166667,NaN,NaN,NaN,NaN,NaN,NaN,NaN,NaN,NaN,NaN,NaN
1964.25,NaN,NaN,NaN,NaN,NaN,NaN,NaN,NaN,NaN,NaN,NaN
1964.333333,NaN,NaN,NaN,NaN,NaN,NaN,NaN,NaN,NaN,NaN,NaN
1964.416667,NaN,NaN,NaN,NaN,NaN,NaN,NaN,NaN,NaN,NaN,NaN
1964.5,NaN,NaN,NaN,NaN,NaN,NaN,NaN,NaN,NaN,NaN,NaN
1964.583333,NaN,NaN,NaN,NaN,NaN,NaN,NaN,NaN,NaN,NaN,NaN
1964.666667,NaN,NaN,NaN,NaN,NaN,NaN,NaN,NaN,NaN,NaN,NaN
1964.75,NaN,NaN,NaN,NaN,NaN,NaN,NaN,NaN,NaN,NaN,NaN
1964.833333,NaN,NaN,NaN,NaN,NaN,NaN,NaN,NaN,NaN,NaN,NaN
1964.916667,NaN,NaN,NaN,NaN,NaN,NaN,NaN,NaN,NaN,NaN,NaN
1965,NaN,NaN,NaN,NaN,NaN,NaN,NaN,NaN,NaN,NaN,NaN
1965.083333,NaN,NaN,NaN,NaN,NaN,NaN,NaN,NaN,NaN,NaN,NaN
1965.166667,NaN,NaN,NaN,NaN,NaN,NaN,NaN,NaN,NaN,NaN,NaN
1965.25,NaN,NaN,NaN,NaN,NaN,NaN,NaN,NaN,NaN,NaN,NaN
1965.333333,NaN,NaN,NaN,NaN,NaN,NaN,NaN,NaN,NaN,NaN,NaN
1965.416667,NaN,NaN,NaN,NaN,NaN,NaN,NaN,NaN,NaN,NaN,NaN
1965.5,NaN,NaN,NaN,NaN,NaN,NaN,NaN,NaN,NaN,NaN,NaN
1965.583333,NaN,NaN,NaN,NaN,NaN,NaN,NaN,NaN,NaN,NaN,NaN
1965.666667,NaN,NaN,NaN,NaN,NaN,NaN,NaN,NaN,NaN,NaN,NaN
1965.75,NaN,NaN,NaN,NaN,NaN,NaN,NaN,NaN,NaN,NaN,NaN
1965.833333,NaN,NaN,NaN,NaN,NaN,NaN,NaN,NaN,NaN,NaN,NaN
1965.916667,NaN,NaN,NaN,NaN,NaN,NaN,NaN,NaN,NaN,NaN,NaN
1966,NaN,NaN,NaN,NaN,NaN,NaN,NaN,NaN,NaN,NaN,NaN
1966.083333,NaN,NaN,NaN,NaN,NaN,NaN,NaN,NaN,NaN,NaN,NaN
1966.166667,NaN,NaN,NaN,NaN,NaN,NaN,NaN,NaN,NaN,NaN,NaN
1966.25,NaN,NaN,NaN,NaN,NaN,NaN,NaN,NaN,NaN,NaN,NaN
1966.333333,NaN,NaN,NaN,NaN,NaN,NaN,NaN,NaN,NaN,NaN,NaN
1966.416667,NaN,NaN,NaN,NaN,NaN,NaN,NaN,NaN,NaN,NaN,NaN
1966.5,NaN,NaN,NaN,NaN,NaN,NaN,NaN,NaN,NaN,NaN,NaN
1966.583333,NaN,NaN,NaN,NaN,NaN,NaN,NaN,NaN,NaN,NaN,NaN
1966.666667,NaN,NaN,NaN,NaN,NaN,NaN,NaN,NaN,NaN,NaN,NaN
1966.75,NaN,NaN,NaN,NaN,NaN,NaN,NaN,NaN,NaN,NaN,NaN
1966.833333,NaN,NaN,NaN,NaN,NaN,NaN,NaN,NaN,NaN,NaN,NaN
1966.916667,NaN,NaN,NaN,NaN,NaN,NaN,NaN,NaN,NaN,NaN,NaN
1967,NaN,NaN,NaN,NaN,NaN,NaN,NaN,NaN,NaN,NaN,NaN
1967.083333,NaN,NaN,NaN,NaN,NaN,NaN,NaN,NaN,NaN,NaN,NaN
1967.166667,NaN,NaN,NaN,NaN,NaN,NaN,NaN,NaN,NaN,NaN,NaN
1967.25,NaN,NaN,NaN,NaN,NaN,NaN,NaN,NaN,NaN,NaN,NaN
1967.333333,NaN,NaN,NaN,NaN,NaN,NaN,NaN,NaN,NaN,NaN,NaN
1967.416667,NaN,NaN,NaN,NaN,NaN,NaN,NaN,NaN,NaN,NaN,NaN
1967.5,NaN,NaN,NaN,NaN,NaN,NaN,NaN,NaN,NaN,NaN,NaN
1967.583333,NaN,NaN,NaN,NaN,NaN,NaN,NaN,NaN,NaN,NaN,NaN
1967.666667,NaN,NaN,NaN,NaN,NaN,NaN,NaN,NaN,NaN,NaN,NaN
1967.75,NaN,NaN,NaN,NaN,NaN,NaN,NaN,NaN,NaN,NaN,NaN
1967.833333,NaN,NaN,NaN,NaN,NaN,NaN,NaN,NaN,NaN,NaN,NaN
1967.916667,NaN,NaN,NaN,NaN,NaN,NaN,NaN,NaN,NaN,NaN,NaN
1968,NaN,NaN,NaN,NaN,NaN,NaN,NaN,NaN,NaN,NaN,NaN
1968.083333,NaN,NaN,NaN,NaN,NaN,NaN,NaN,NaN,NaN,NaN,NaN
1968.166667,NaN,NaN,NaN,NaN,NaN,NaN,NaN,NaN,NaN,NaN,NaN
1968.25,NaN,NaN,NaN,NaN,NaN,NaN,NaN,NaN,NaN,NaN,NaN
1968.333333,NaN,NaN,NaN,NaN,NaN,NaN,NaN,NaN,NaN,NaN,NaN
1968.416667,NaN,NaN,NaN,NaN,NaN,NaN,NaN,NaN,NaN,NaN,NaN
1968.5,NaN,NaN,NaN,NaN,NaN,NaN,NaN,NaN,NaN,NaN,NaN
1968.583333,NaN,NaN,NaN,NaN,NaN,NaN,NaN,NaN,NaN,NaN,NaN
1968.666667,NaN,NaN,NaN,NaN,NaN,NaN,NaN,NaN,NaN,NaN,NaN
1968.75,NaN,NaN,NaN,NaN,NaN,NaN,NaN,NaN,NaN,NaN,NaN
1968.833333,NaN,NaN,NaN,NaN,NaN,NaN,NaN,NaN,NaN,NaN,NaN
1968.916667,NaN,NaN,NaN,NaN,NaN,NaN,NaN,NaN,NaN,NaN,NaN
1969,NaN,NaN,NaN,NaN,NaN,NaN,NaN,NaN,NaN,NaN,NaN
1969.083333,NaN,NaN,NaN,NaN,NaN,NaN,NaN,NaN,NaN,NaN,NaN
1969.166667,NaN,NaN,NaN,NaN,NaN,NaN,NaN,NaN,NaN,NaN,NaN
1969.25,NaN,NaN,NaN,NaN,NaN,NaN,NaN,NaN,NaN,NaN,NaN
1969.333333,NaN,NaN,NaN,NaN,NaN,NaN,NaN,NaN,NaN,NaN,NaN
1969.416667,NaN,NaN,NaN,NaN,NaN,NaN,NaN,NaN,NaN,NaN,NaN
1969.5,NaN,NaN,NaN,NaN,NaN,NaN,NaN,NaN,NaN,NaN,NaN
1969.583333,NaN,NaN,NaN,NaN,NaN,NaN,NaN,NaN,NaN,NaN,NaN
1969.666667,NaN,NaN,NaN,NaN,NaN,NaN,NaN,NaN,NaN,NaN,NaN
1969.75,NaN,NaN,NaN,NaN,NaN,NaN,NaN,NaN,NaN,NaN,NaN
1969.833333,NaN,NaN,NaN,NaN,NaN,NaN,NaN,NaN,NaN,NaN,NaN
1969.916667,NaN,NaN,NaN,NaN,NaN,NaN,NaN,NaN,NaN,NaN,NaN
1970,NaN,NaN,NaN,NaN,NaN,NaN,NaN,NaN,NaN,NaN,NaN
1970.083333,NaN,NaN,NaN,NaN,NaN,NaN,NaN,NaN,NaN,NaN,NaN
1970.166667,NaN,NaN,NaN,NaN,NaN,NaN,NaN,NaN,NaN,NaN,NaN
1970.25,NaN,NaN,NaN,NaN,NaN,NaN,NaN,NaN,NaN,NaN,NaN
1970.333333,NaN,NaN,NaN,NaN,NaN,NaN,NaN,NaN,NaN,NaN,NaN
1970.416667,NaN,NaN,NaN,NaN,NaN,NaN,NaN,NaN,NaN,NaN,NaN
1970.5,NaN,NaN,NaN,NaN,NaN,NaN,NaN,NaN,NaN,NaN,NaN
1970.583333,NaN,NaN,NaN,NaN,NaN,NaN,NaN,NaN,NaN,NaN,NaN
1970.666667,NaN,NaN,NaN,NaN,NaN,NaN,NaN,NaN,NaN,NaN,NaN
1970.75,NaN,NaN,NaN,NaN,NaN,NaN,NaN,NaN,NaN,NaN,NaN
1970.833333,NaN,NaN,NaN,NaN,NaN,NaN,NaN,NaN,NaN,NaN,NaN
1970.916667,NaN,NaN,NaN,NaN,NaN,NaN,NaN,NaN,NaN,NaN,NaN
1971,NaN,NaN,NaN,NaN,NaN,NaN,NaN,NaN,NaN,NaN,NaN
1971.083333,NaN,NaN,NaN,NaN,NaN,NaN,NaN,NaN,NaN,NaN,NaN
1971.166667,NaN,NaN,NaN,NaN,NaN,NaN,NaN,NaN,NaN,NaN,NaN
1971.25,NaN,NaN,NaN,NaN,NaN,NaN,NaN,NaN,NaN,NaN,NaN
1971.333333,NaN,NaN,NaN,NaN,NaN,NaN,NaN,NaN,NaN,NaN,NaN
1971.416667,NaN,NaN,NaN,NaN,NaN,NaN,NaN,NaN,NaN,NaN,NaN
1971.5,NaN,NaN,NaN,NaN,NaN,NaN,NaN,NaN,NaN,NaN,NaN
1971.583333,NaN,NaN,NaN,NaN,NaN,NaN,NaN,NaN,NaN,NaN,NaN
1971.666667,NaN,NaN,NaN,NaN,NaN,NaN,NaN,NaN,NaN,NaN,NaN
1971.75,NaN,NaN,NaN,NaN,NaN,NaN,NaN,NaN,NaN,NaN,NaN
1971.833333,NaN,NaN,NaN,NaN,NaN,NaN,NaN,NaN,NaN,NaN,NaN
1971.916667,NaN,NaN,NaN,NaN,NaN,NaN,NaN,NaN,NaN,NaN,NaN
1972,NaN,NaN,NaN,NaN,NaN,NaN,NaN,NaN,NaN,NaN,NaN
1972.083333,NaN,NaN,NaN,NaN,NaN,NaN,NaN,NaN,NaN,NaN,NaN
1972.166667,NaN,NaN,NaN,NaN,NaN,NaN,NaN,NaN,NaN,NaN,NaN
1972.25,NaN,NaN,NaN,NaN,NaN,NaN,NaN,NaN,NaN,NaN,NaN
1972.333333,NaN,NaN,NaN,NaN,NaN,NaN,NaN,NaN,NaN,NaN,NaN
1972.416667,NaN,NaN,NaN,NaN,NaN,NaN,NaN,NaN,NaN,NaN,NaN
1972.5,NaN,NaN,NaN,NaN,NaN,NaN,NaN,NaN,NaN,NaN,NaN
1972.583333,NaN,NaN,NaN,NaN,NaN,NaN,NaN,NaN,NaN,NaN,NaN
1972.666667,NaN,NaN,NaN,NaN,NaN,NaN,NaN,NaN,NaN,NaN,NaN
1972.75,NaN,NaN,NaN,NaN,NaN,NaN,NaN,NaN,NaN,NaN,NaN
1972.833333,NaN,NaN,NaN,NaN,NaN,NaN,NaN,NaN,NaN,NaN,NaN
1972.916667,NaN,NaN,NaN,NaN,NaN,NaN,NaN,NaN,NaN,NaN,NaN
1973,NaN,NaN,NaN,NaN,NaN,NaN,NaN,NaN,NaN,NaN,NaN
1973.083333,NaN,NaN,NaN,NaN,NaN,NaN,NaN,NaN,NaN,NaN,NaN
1973.166667,NaN,NaN,NaN,NaN,NaN,NaN,NaN,NaN,NaN,NaN,NaN
1973.25,NaN,NaN,NaN,NaN,NaN,NaN,NaN,NaN,NaN,NaN,NaN
1973.333333,NaN,NaN,NaN,NaN,NaN,NaN,NaN,NaN,NaN,NaN,NaN
1973.416667,NaN,NaN,NaN,NaN,NaN,NaN,NaN,NaN,NaN,NaN,NaN
1973.5,NaN,NaN,NaN,NaN,NaN,NaN,NaN,NaN,NaN,NaN,NaN
1973.583333,NaN,NaN,NaN,NaN,NaN,NaN,NaN,NaN,NaN,NaN,NaN
1973.666667,NaN,NaN,NaN,NaN,NaN,NaN,NaN,NaN,NaN,NaN,NaN
1973.75,NaN,NaN,NaN,NaN,NaN,NaN,NaN,NaN,NaN,NaN,NaN
1973.833333,NaN,NaN,NaN,NaN,NaN,NaN,NaN,NaN,NaN,NaN,NaN
1973.916667,NaN,NaN,NaN,NaN,NaN,NaN,NaN,NaN,NaN,NaN,NaN
1974,NaN,NaN,NaN,NaN,NaN,NaN,NaN,NaN,NaN,NaN,NaN
1974.083333,NaN,NaN,NaN,NaN,NaN,NaN,NaN,NaN,NaN,NaN,NaN
1974.166667,NaN,NaN,NaN,NaN,NaN,NaN,NaN,NaN,NaN,NaN,NaN
1974.25,NaN,NaN,NaN,NaN,NaN,NaN,NaN,NaN,NaN,NaN,NaN
1974.333333,NaN,NaN,NaN,NaN,NaN,NaN,NaN,NaN,NaN,NaN,NaN
1974.416667,NaN,NaN,NaN,NaN,NaN,NaN,NaN,NaN,NaN,NaN,NaN
1974.5,NaN,NaN,NaN,NaN,NaN,NaN,NaN,NaN,NaN,NaN,NaN
1974.583333,NaN,NaN,NaN,NaN,NaN,NaN,NaN,NaN,NaN,NaN,NaN
1974.666667,NaN,NaN,NaN,NaN,NaN,NaN,NaN,NaN,NaN,NaN,NaN
1974.75,NaN,NaN,NaN,NaN,NaN,NaN,NaN,NaN,NaN,NaN,NaN
1974.833333,NaN,NaN,NaN,NaN,NaN,NaN,NaN,NaN,NaN,NaN,NaN
1974.916667,NaN,NaN,NaN,NaN,NaN,NaN,NaN,NaN,NaN,NaN,NaN
1975,NaN,NaN,NaN,NaN,NaN,NaN,NaN,NaN,NaN,NaN,NaN
1975.083333,NaN,NaN,NaN,NaN,NaN,NaN,NaN,NaN,NaN,NaN,NaN
1975.166667,NaN,NaN,NaN,NaN,NaN,NaN,NaN,NaN,NaN,NaN,NaN
1975.25,NaN,NaN,NaN,NaN,NaN,NaN,NaN,NaN,NaN,NaN,NaN
1975.333333,NaN,NaN,NaN,NaN,NaN,NaN,NaN,NaN,NaN,NaN,NaN
1975.416667,NaN,NaN,NaN,NaN,NaN,NaN,NaN,NaN,NaN,NaN,NaN
1975.5,NaN,NaN,NaN,NaN,NaN,NaN,NaN,NaN,NaN,NaN,NaN
1975.583333,NaN,NaN,NaN,NaN,NaN,NaN,NaN,NaN,NaN,NaN,NaN
1975.666667,NaN,NaN,NaN,NaN,NaN,NaN,NaN,NaN,NaN,NaN,NaN
1975.75,NaN,NaN,NaN,NaN,NaN,NaN,NaN,NaN,NaN,NaN,NaN
1975.833333,NaN,NaN,NaN,NaN,NaN,NaN,NaN,NaN,NaN,NaN,NaN
1975.916667,NaN,NaN,NaN,NaN,NaN,NaN,NaN,NaN,NaN,NaN,NaN
1976,NaN,NaN,NaN,NaN,NaN,NaN,NaN,NaN,NaN,NaN,NaN
1976.083333,NaN,NaN,NaN,NaN,NaN,NaN,NaN,NaN,NaN,NaN,NaN
1976.166667,NaN,NaN,NaN,NaN,NaN,NaN,NaN,NaN,NaN,NaN,NaN
1976.25,NaN,NaN,NaN,NaN,NaN,NaN,NaN,NaN,NaN,NaN,NaN
1976.333333,NaN,NaN,NaN,NaN,NaN,NaN,NaN,NaN,NaN,NaN,NaN
1976.416667,NaN,NaN,NaN,NaN,NaN,NaN,NaN,NaN,NaN,NaN,NaN
1976.5,NaN,NaN,NaN,NaN,NaN,NaN,NaN,NaN,NaN,NaN,NaN
1976.583333,NaN,NaN,NaN,NaN,NaN,NaN,NaN,NaN,NaN,NaN,NaN
1976.666667,NaN,NaN,NaN,NaN,NaN,NaN,NaN,NaN,NaN,NaN,NaN
1976.75,NaN,NaN,NaN,NaN,NaN,NaN,NaN,NaN,NaN,NaN,NaN
1976.833333,NaN,NaN,NaN,NaN,NaN,NaN,NaN,NaN,NaN,NaN,NaN
1976.916667,NaN,NaN,NaN,NaN,NaN,NaN,NaN,NaN,NaN,NaN,NaN
1977,NaN,NaN,NaN,NaN,NaN,NaN,NaN,NaN,NaN,NaN,NaN
1977.083333,NaN,NaN,NaN,NaN,NaN,NaN,NaN,NaN,NaN,NaN,NaN
1977.166667,NaN,NaN,NaN,NaN,NaN,NaN,NaN,NaN,NaN,NaN,NaN
1977.25,NaN,NaN,NaN,NaN,NaN,NaN,NaN,NaN,NaN,NaN,NaN
1977.333333,NaN,NaN,NaN,NaN,NaN,NaN,NaN,NaN,NaN,NaN,NaN
1977.416667,NaN,NaN,NaN,NaN,NaN,NaN,NaN,NaN,NaN,NaN,NaN
1977.5,NaN,NaN,NaN,NaN,NaN,NaN,NaN,NaN,NaN,NaN,NaN
1977.583333,NaN,NaN,NaN,NaN,NaN,NaN,NaN,NaN,NaN,NaN,NaN
1977.666667,NaN,NaN,NaN,NaN,NaN,NaN,NaN,NaN,NaN,NaN,NaN
1977.75,NaN,NaN,NaN,NaN,NaN,NaN,NaN,NaN,NaN,NaN,NaN
1977.833333,NaN,NaN,NaN,NaN,NaN,NaN,NaN,NaN,NaN,NaN,NaN
1977.916667,NaN,NaN,NaN,NaN,NaN,NaN,NaN,NaN,NaN,NaN,NaN
1978,NaN,NaN,NaN,NaN,NaN,NaN,NaN,NaN,NaN,NaN,NaN
1978.083333,NaN,NaN,NaN,NaN,NaN,NaN,NaN,NaN,NaN,NaN,NaN
1978.166667,NaN,NaN,NaN,NaN,NaN,NaN,NaN,NaN,NaN,NaN,NaN
1978.25,NaN,NaN,NaN,NaN,NaN,NaN,NaN,NaN,NaN,NaN,NaN
1978.333333,NaN,NaN,NaN,NaN,NaN,NaN,NaN,NaN,NaN,NaN,NaN
1978.416667,NaN,NaN,NaN,NaN,NaN,NaN,NaN,NaN,NaN,NaN,NaN
1978.5,NaN,NaN,NaN,NaN,NaN,NaN,NaN,NaN,NaN,NaN,NaN
1978.583333,NaN,NaN,NaN,NaN,NaN,NaN,NaN,NaN,NaN,NaN,NaN
1978.666667,NaN,NaN,NaN,NaN,NaN,NaN,NaN,NaN,NaN,NaN,NaN
1978.75,NaN,NaN,NaN,NaN,NaN,NaN,NaN,NaN,NaN,NaN,NaN
1978.833333,NaN,NaN,NaN,NaN,NaN,NaN,NaN,NaN,NaN,NaN,NaN
1978.916667,NaN,NaN,NaN,NaN,NaN,NaN,NaN,NaN,NaN,NaN,NaN
1979,NaN,NaN,NaN,NaN,NaN,NaN,NaN,NaN,NaN,NaN,NaN
1979.083333,NaN,NaN,NaN,NaN,NaN,NaN,NaN,NaN,NaN,NaN,NaN
1979.166667,NaN,NaN,NaN,NaN,NaN,NaN,NaN,NaN,NaN,NaN,NaN
1979.25,NaN,NaN,NaN,NaN,NaN,NaN,NaN,NaN,NaN,NaN,NaN
1979.333333,NaN,NaN,NaN,NaN,NaN,NaN,NaN,NaN,NaN,NaN,NaN
1979.416667,NaN,NaN,NaN,NaN,NaN,NaN,NaN,NaN,NaN,NaN,NaN
1979.5,NaN,NaN,NaN,NaN,NaN,NaN,NaN,NaN,NaN,NaN,NaN
1979.583333,NaN,NaN,NaN,NaN,NaN,NaN,NaN,NaN,NaN,NaN,NaN
1979.666667,NaN,NaN,NaN,NaN,NaN,NaN,NaN,NaN,NaN,NaN,NaN
1979.75,NaN,NaN,NaN,NaN,NaN,NaN,NaN,NaN,NaN,NaN,NaN
1979.833333,NaN,NaN,NaN,NaN,NaN,NaN,NaN,NaN,NaN,NaN,NaN
1979.916667,NaN,NaN,NaN,NaN,NaN,NaN,NaN,NaN,NaN,NaN,NaN
1980,NaN,NaN,NaN,NaN,NaN,NaN,NaN,NaN,NaN,NaN,NaN
1980.083333,NaN,NaN,NaN,NaN,NaN,NaN,NaN,NaN,NaN,NaN,NaN
1980.166667,NaN,NaN,NaN,NaN,NaN,NaN,NaN,NaN,NaN,NaN,NaN
1980.25,NaN,NaN,NaN,NaN,NaN,NaN,NaN,NaN,NaN,NaN,NaN
1980.333333,NaN,NaN,NaN,NaN,NaN,NaN,NaN,NaN,NaN,NaN,NaN
1980.416667,NaN,NaN,NaN,NaN,NaN,NaN,NaN,NaN,NaN,NaN,NaN
1980.5,NaN,NaN,NaN,NaN,NaN,NaN,NaN,NaN,NaN,NaN,NaN
1980.583333,NaN,NaN,NaN,NaN,NaN,NaN,NaN,NaN,NaN,NaN,NaN
1980.666667,NaN,NaN,NaN,NaN,NaN,NaN,NaN,NaN,NaN,NaN,NaN
1980.75,NaN,NaN,NaN,NaN,NaN,NaN,NaN,NaN,NaN,NaN,NaN
1980.833333,NaN,NaN,NaN,NaN,NaN,NaN,NaN,NaN,NaN,NaN,NaN
1980.916667,NaN,NaN,NaN,NaN,NaN,NaN,NaN,NaN,NaN,NaN,NaN
1981,NaN,NaN,NaN,NaN,NaN,NaN,NaN,NaN,NaN,NaN,NaN
1981.083333,NaN,NaN,NaN,NaN,NaN,NaN,NaN,NaN,NaN,NaN,NaN
1981.166667,NaN,NaN,NaN,NaN,NaN,NaN,NaN,NaN,NaN,NaN,NaN
1981.25,NaN,NaN,NaN,NaN,NaN,NaN,NaN,NaN,NaN,NaN,NaN
1981.333333,NaN,NaN,NaN,NaN,NaN,NaN,NaN,NaN,NaN,NaN,NaN
1981.416667,NaN,NaN,NaN,NaN,NaN,NaN,NaN,NaN,NaN,NaN,NaN
1981.5,NaN,NaN,NaN,NaN,NaN,NaN,NaN,NaN,NaN,NaN,NaN
1981.583333,NaN,NaN,NaN,NaN,NaN,NaN,NaN,NaN,NaN,NaN,NaN
1981.666667,NaN,NaN,NaN,NaN,NaN,NaN,NaN,NaN,NaN,NaN,NaN
1981.75,NaN,NaN,NaN,NaN,NaN,NaN,NaN,NaN,NaN,NaN,NaN
1981.833333,NaN,NaN,NaN,NaN,NaN,NaN,NaN,NaN,NaN,NaN,NaN
1981.916667,NaN,NaN,NaN,NaN,NaN,NaN,NaN,NaN,NaN,NaN,NaN
1982,NaN,NaN,NaN,NaN,NaN,NaN,NaN,NaN,NaN,NaN,NaN
1982.083333,NaN,NaN,NaN,NaN,NaN,NaN,NaN,NaN,NaN,NaN,NaN
1982.166667,NaN,NaN,NaN,NaN,NaN,NaN,NaN,NaN,NaN,NaN,NaN
1982.25,NaN,NaN,NaN,NaN,NaN,NaN,NaN,NaN,NaN,NaN,NaN
1982.333333,NaN,NaN,NaN,NaN,NaN,NaN,NaN,NaN,NaN,NaN,NaN
1982.416667,NaN,NaN,NaN,NaN,NaN,NaN,NaN,NaN,NaN,NaN,NaN
1982.5,NaN,NaN,NaN,NaN,NaN,NaN,NaN,NaN,NaN,NaN,NaN
1982.583333,NaN,NaN,NaN,NaN,NaN,NaN,NaN,NaN,NaN,NaN,NaN
1982.666667,NaN,NaN,NaN,NaN,NaN,NaN,NaN,NaN,NaN,NaN,NaN
1982.75,NaN,NaN,NaN,NaN,NaN,NaN,NaN,NaN,NaN,NaN,NaN
1982.833333,NaN,NaN,NaN,NaN,NaN,NaN,NaN,NaN,NaN,NaN,NaN
1982.916667,NaN,NaN,NaN,NaN,NaN,NaN,NaN,NaN,NaN,NaN,NaN
1983,NaN,NaN,NaN,NaN,NaN,NaN,NaN,NaN,NaN,NaN,NaN
1983.083333,NaN,NaN,NaN,NaN,NaN,NaN,NaN,NaN,NaN,NaN,NaN
1983.166667,NaN,NaN,NaN,NaN,NaN,NaN,NaN,NaN,NaN,NaN,NaN
1983.25,NaN,NaN,NaN,NaN,NaN,NaN,NaN,NaN,NaN,NaN,NaN
1983.333333,NaN,NaN,NaN,NaN,NaN,NaN,NaN,NaN,NaN,NaN,NaN
1983.416667,NaN,NaN,NaN,NaN,NaN,NaN,NaN,NaN,NaN,NaN,NaN
1983.5,NaN,NaN,NaN,NaN,NaN,NaN,NaN,NaN,NaN,NaN,NaN
1983.583333,NaN,NaN,NaN,NaN,NaN,NaN,NaN,NaN,NaN,NaN,NaN
1983.666667,NaN,NaN,NaN,NaN,NaN,NaN,NaN,NaN,NaN,NaN,NaN
1983.75,NaN,NaN,NaN,NaN,NaN,NaN,NaN,NaN,NaN,NaN,NaN
1983.833333,NaN,NaN,NaN,NaN,NaN,NaN,NaN,NaN,NaN,NaN,NaN
1983.916667,NaN,NaN,NaN,NaN,NaN,NaN,NaN,NaN,NaN,NaN,NaN
1984,NaN,NaN,NaN,NaN,NaN,NaN,NaN,NaN,NaN,0.258219406,NaN
1984.083333,NaN,NaN,NaN,NaN,NaN,NaN,NaN,NaN,NaN,0.257988137,NaN
1984.166667,NaN,NaN,NaN,NaN,NaN,NaN,NaN,NaN,NaN,0.258881335,NaN
1984.25,NaN,NaN,NaN,NaN,NaN,NaN,NaN,NaN,NaN,0.261190334,NaN
1984.333333,NaN,NaN,NaN,NaN,NaN,NaN,NaN,NaN,NaN,0.259135075,NaN
1984.416667,NaN,NaN,NaN,NaN,NaN,NaN,NaN,NaN,NaN,0.260515044,NaN
1984.5,NaN,NaN,NaN,NaN,NaN,NaN,NaN,NaN,NaN,0.260840915,NaN
1984.583333,NaN,NaN,NaN,NaN,NaN,NaN,NaN,NaN,NaN,0.261722774,NaN
1984.666667,NaN,NaN,NaN,NaN,NaN,NaN,NaN,NaN,NaN,0.259725288,NaN
1984.75,NaN,NaN,NaN,NaN,NaN,NaN,NaN,NaN,NaN,0.262537259,NaN
1984.833333,NaN,NaN,NaN,NaN,NaN,NaN,NaN,NaN,NaN,0.263117048,NaN
1984.916667,NaN,NaN,NaN,NaN,NaN,NaN,NaN,NaN,NaN,0.263638059,NaN
1985,NaN,NaN,NaN,NaN,NaN,NaN,NaN,NaN,NaN,0.272294801,NaN
1985.083333,NaN,NaN,NaN,NaN,NaN,NaN,NaN,NaN,NaN,0.27490897,NaN
1985.166667,NaN,NaN,NaN,NaN,NaN,NaN,NaN,NaN,NaN,0.277110174,NaN
1985.25,NaN,NaN,NaN,NaN,NaN,NaN,NaN,NaN,NaN,0.281752132,NaN
1985.333333,NaN,NaN,NaN,NaN,NaN,NaN,NaN,NaN,NaN,0.284946682,NaN
1985.416667,NaN,NaN,NaN,NaN,NaN,NaN,NaN,NaN,NaN,0.286834259,NaN
1985.5,NaN,NaN,NaN,NaN,NaN,NaN,NaN,NaN,NaN,0.288836384,NaN
1985.583333,NaN,NaN,NaN,NaN,NaN,NaN,NaN,NaN,NaN,0.289943536,NaN
1985.666667,NaN,NaN,NaN,NaN,NaN,NaN,NaN,NaN,NaN,0.290298923,NaN
1985.75,NaN,NaN,NaN,NaN,NaN,NaN,NaN,NaN,NaN,0.293046234,NaN
1985.833333,NaN,NaN,NaN,NaN,NaN,NaN,NaN,NaN,NaN,0.292448257,NaN
1985.916667,NaN,NaN,NaN,NaN,NaN,NaN,NaN,NaN,NaN,0.292679485,NaN
1986,NaN,NaN,NaN,NaN,NaN,NaN,NaN,NaN,NaN,0.296549188,NaN
1986.083333,NaN,NaN,NaN,NaN,NaN,NaN,NaN,NaN,NaN,0.296750224,NaN
1986.166667,NaN,NaN,NaN,NaN,NaN,NaN,NaN,NaN,NaN,0.297912543,NaN
1986.25,NaN,NaN,NaN,NaN,NaN,NaN,NaN,NaN,NaN,0.297613903,NaN
1986.333333,NaN,NaN,NaN,NaN,NaN,NaN,NaN,NaN,NaN,0.297622122,NaN
1986.416667,NaN,NaN,NaN,NaN,NaN,NaN,NaN,NaN,NaN,0.298802402,NaN
1986.5,NaN,NaN,NaN,NaN,NaN,NaN,NaN,NaN,NaN,0.300309999,NaN
1986.583333,NaN,NaN,NaN,NaN,NaN,NaN,NaN,NaN,NaN,0.300766476,NaN
1986.666667,NaN,NaN,NaN,NaN,NaN,NaN,NaN,NaN,NaN,0.304515508,NaN
1986.75,NaN,NaN,NaN,NaN,NaN,NaN,NaN,NaN,NaN,0.306794658,NaN
1986.833333,NaN,NaN,NaN,NaN,NaN,NaN,NaN,NaN,NaN,0.30992888,NaN
1986.916667,NaN,NaN,NaN,NaN,NaN,NaN,NaN,NaN,NaN,0.311212373,NaN
1987,NaN,NaN,NaN,NaN,NaN,NaN,NaN,NaN,NaN,0.312177883,NaN
1987.083333,NaN,NaN,NaN,NaN,NaN,NaN,NaN,NaN,NaN,0.313378351,NaN
1987.166667,NaN,NaN,NaN,NaN,NaN,NaN,NaN,NaN,NaN,0.315941347,NaN
1987.25,NaN,NaN,NaN,NaN,NaN,NaN,NaN,NaN,NaN,0.318423371,NaN
1987.333333,NaN,NaN,NaN,NaN,NaN,NaN,NaN,NaN,NaN,0.320614284,NaN
1987.416667,NaN,NaN,NaN,NaN,NaN,NaN,NaN,NaN,NaN,0.322445641,NaN
1987.5,NaN,NaN,NaN,NaN,NaN,NaN,NaN,NaN,NaN,0.323814825,NaN
1987.583333,NaN,NaN,NaN,NaN,NaN,NaN,NaN,NaN,NaN,0.324414689,NaN
1987.666667,NaN,NaN,NaN,NaN,NaN,NaN,NaN,NaN,NaN,0.326783328,NaN
1987.75,NaN,NaN,NaN,NaN,NaN,NaN,NaN,NaN,NaN,0.329650056,NaN
1987.833333,NaN,NaN,NaN,NaN,NaN,NaN,NaN,NaN,NaN,0.33505256,NaN
1987.916667,NaN,NaN,NaN,NaN,NaN,NaN,NaN,NaN,NaN,0.338082315,NaN
1988,NaN,NaN,NaN,NaN,NaN,NaN,NaN,NaN,NaN,0.342619997,NaN
1988.083333,NaN,NaN,NaN,NaN,NaN,NaN,NaN,NaN,NaN,0.346341769,NaN
1988.166667,NaN,NaN,NaN,NaN,NaN,NaN,NaN,NaN,NaN,0.352590603,NaN
1988.25,NaN,NaN,NaN,NaN,NaN,NaN,NaN,NaN,NaN,0.358083303,NaN
1988.333333,NaN,NaN,NaN,NaN,NaN,NaN,NaN,NaN,NaN,0.366264934,NaN
1988.416667,NaN,NaN,NaN,NaN,NaN,NaN,NaN,NaN,NaN,0.375297608,NaN
1988.5,NaN,NaN,NaN,NaN,NaN,NaN,NaN,NaN,NaN,0.386172825,NaN
1988.583333,NaN,NaN,NaN,NaN,NaN,NaN,NaN,NaN,NaN,0.39919433,NaN
1988.666667,NaN,NaN,NaN,NaN,NaN,NaN,0.0864,NaN,NaN,0.41142346,NaN
1988.75,NaN,NaN,NaN,NaN,NaN,NaN,0.0864,NaN,NaN,0.419170325,NaN
1988.833333,NaN,NaN,NaN,NaN,NaN,NaN,0.0864,NaN,NaN,0.42477816,NaN
1988.916667,NaN,NaN,NaN,NaN,NaN,NaN,0.0864,NaN,NaN,0.431516954,NaN
1989,NaN,NaN,NaN,NaN,NaN,NaN,0.0864,NaN,NaN,0.438355183,NaN
1989.083333,NaN,NaN,NaN,NaN,NaN,NaN,0.1134,NaN,NaN,0.444995541,NaN
1989.166667,NaN,NaN,NaN,NaN,NaN,NaN,0.1134,NaN,NaN,0.449679074,NaN
1989.25,NaN,NaN,NaN,NaN,NaN,NaN,0.1134,NaN,NaN,0.453576245,NaN
1989.333333,NaN,NaN,NaN,NaN,NaN,NaN,0.1134,NaN,NaN,0.45670564,NaN
1989.416667,NaN,NaN,NaN,NaN,NaN,NaN,0.1134,NaN,NaN,0.460585921,NaN
1989.5,NaN,NaN,NaN,NaN,NaN,NaN,0.1134,NaN,NaN,0.460990335,NaN
1989.583333,NaN,NaN,NaN,NaN,NaN,NaN,0.1134,NaN,NaN,0.458514822,NaN
1989.666667,NaN,NaN,NaN,NaN,NaN,NaN,0.1134,NaN,NaN,0.457667399,NaN
1989.75,NaN,NaN,NaN,NaN,NaN,NaN,0.1134,NaN,NaN,0.455963117,NaN
1989.833333,NaN,NaN,NaN,NaN,NaN,NaN,0.1134,NaN,NaN,0.456626329,NaN
1989.916667,NaN,NaN,NaN,NaN,NaN,NaN,0.1134,NaN,NaN,0.458911064,NaN
1990,NaN,NaN,NaN,NaN,NaN,NaN,0.1134,NaN,NaN,0.458833108,NaN
1990.083333,NaN,NaN,NaN,NaN,NaN,NaN,0.1134,NaN,NaN,0.464825103,NaN
1990.166667,29.35551439,59.00772815,1319.015297,NaN,NaN,NaN,0.1134,NaN,NaN,0.466387308,NaN
1990.25,29.03843267,59.4800307,1345.888904,NaN,NaN,NaN,0.1008,NaN,NaN,0.46763383,NaN
1990.333333,28.55660563,60.47714817,1376.334048,NaN,NaN,NaN,0.1008,NaN,NaN,0.468476634,NaN
1990.416667,29.36988809,60.79195911,1399.443517,NaN,NaN,NaN,0.1008,NaN,NaN,0.465772999,NaN
1990.5,30.66166687,61.47300309,1452.215704,NaN,NaN,NaN,0.1008,NaN,NaN,0.466346611,NaN
1990.583333,30.54537328,62.13559622,1485.140682,NaN,NaN,NaN,0.0864,NaN,NaN,0.468638402,NaN
1990.666667,31.76881641,62.6574809,1501.609792,NaN,NaN,NaN,0.0864,NaN,NaN,0.470069469,NaN
1990.75,30.74280008,63.15166901,1562.5519,NaN,NaN,NaN,0.0864,NaN,NaN,0.470603733,NaN
1990.833333,31.79214264,63.86933871,1597.372599,NaN,NaN,NaN,0.0864,NaN,NaN,0.473842217,NaN
1990.916667,34.21437159,64.15775141,1620.631703,NaN,NaN,NaN,0.0864,NaN,NaN,0.477516218,NaN
1991,31.65202556,65.63637496,1684.301426,NaN,NaN,NaN,0.0864,NaN,NaN,0.470046997,NaN
1991.083333,28.99820249,67.75335446,1697.480218,NaN,NaN,NaN,0.0864,NaN,NaN,0.473423172,NaN
1991.166667,32.41950342,66.10351096,1717.394843,NaN,NaN,NaN,0.0864,NaN,NaN,0.475169575,NaN
1991.25,34.4464281,69.15216453,1748.332122,NaN,NaN,NaN,0.0756,NaN,NaN,0.473268474,NaN
1991.333333,36.28157242,67.56922401,1783.736281,NaN,NaN,NaN,0.0756,NaN,NaN,0.485211587,NaN
1991.416667,36.68479797,68.1082107,1809.472095,NaN,NaN,NaN,0.0756,NaN,NaN,0.486200282,NaN
1991.5,36.5141462,69.00636361,1872.56818,NaN,NaN,NaN,0.0756,NaN,NaN,0.488142441,NaN
1991.583333,38.21674044,70.09889107,1909.76896,NaN,NaN,NaN,0.0756,NaN,NaN,0.490762452,NaN
1991.666667,38.41824069,71.24845714,1925.634086,NaN,NaN,NaN,0.0756,NaN,NaN,0.490842516,NaN
1991.75,40.7042647,72.14556863,1994.860408,NaN,NaN,NaN,0.0756,NaN,NaN,0.49367249,NaN
1991.833333,40.77014058,73.12996198,2030.191403,NaN,NaN,NaN,0.0756,NaN,NaN,0.495312591,NaN
1991.916667,40.46055005,71.58780727,2050.496383,NaN,NaN,NaN,0.0756,NaN,NaN,0.498136671,NaN
1992,41.929805,74.96058172,2132.728023,NaN,NaN,NaN,0.0756,201.2657012,0.398514819,0.496305609,NaN
1992.083333,43.06023125,78.61216805,2151.102451,NaN,NaN,NaN,0.0756,210.4920577,0.400360659,0.497843514,NaN
1992.166667,43.77025004,78.91239911,2178.045635,NaN,NaN,NaN,0.0756,207.3918246,0.403064775,0.500969805,NaN
1992.25,44.7692124,76.13057585,2234.152993,NaN,NaN,NaN,0.0756,215.2869785,0.408262852,0.506745163,NaN
1992.333333,48.02881299,77.31368224,2296.608686,NaN,NaN,NaN,0.0756,220.9496615,0.409934973,0.508355956,NaN
1992.416667,48.95878164,79.22365655,2347.206141,NaN,NaN,NaN,0.0756,225.8001181,0.411651581,0.510443583,NaN
1992.5,45.22025437,81.33851261,2425.494814,NaN,NaN,NaN,0.0756,231.1277326,0.413999245,0.513674787,NaN
1992.583333,53.06334961,83.0012827,2470.051312,NaN,NaN,NaN,0.0756,232.395095,0.416992075,0.518660091,NaN
1992.666667,54.16635797,85.15637922,2486.911932,NaN,NaN,NaN,0.0756,236.6674755,0.421667697,0.526889798,NaN
1992.75,56.20453355,86.60726167,2590.483016,NaN,NaN,NaN,0.0756,242.0758693,0.424187846,0.53262526,NaN
1992.833333,57.57973724,87.41285349,2650.780888,NaN,NaN,NaN,0.0756,245.4499642,0.426739613,0.536554942,NaN
1992.916667,61.34899084,88.79593723,2691.854698,NaN,NaN,NaN,0.0756,250.5506119,0.431535432,0.541972379,NaN
1993,66.10676223,91.10064599,2882.804755,NaN,NaN,NaN,0.0756,256.6761248,0.43828673,0.546839752,NaN
1993.083333,70.79031197,92.80656075,2991.354344,NaN,NaN,NaN,0.0756,262.6484506,0.442802649,0.550404382,NaN
1993.166667,78.01636538,98.95399846,3113.583363,NaN,NaN,NaN,0.0756,271.6258617,0.451503719,0.562120373,NaN
1993.25,74.67733944,100.6886731,3168.248971,NaN,NaN,NaN,0.0756,274.9904636,0.45766526,0.571341613,NaN
1993.333333,73.6672349,101.960021,3230.561693,NaN,NaN,NaN,0.0918,283.0903896,0.464559525,0.58040469,NaN
1993.416667,77.64355805,104.0151265,3274.901369,NaN,NaN,NaN,0.0918,296.4267926,0.47193568,0.588589558,NaN
1993.5,82.59074809,105.0985861,3347.023435,NaN,NaN,NaN,0.1098,302.2968638,0.4797716,0.596596696,NaN
1993.583333,82.83012095,105.9648577,3370.717842,NaN,NaN,NaN,0.1098,308.268312,0.486529055,0.603193402,NaN
1993.666667,80.51648245,107.1442775,3355.677839,NaN,NaN,NaN,0.1098,311.9156401,0.492805956,0.609024943,NaN
1993.75,89.09666664,108.5522569,3515.952042,NaN,NaN,NaN,0.1098,320.6156464,0.500903343,0.61734633,NaN
1993.833333,92.77188611,108.2710587,3618.791548,NaN,NaN,NaN,0.1098,332.580219,0.508159809,0.626668086,NaN
1993.916667,92.73199312,112.7566631,3696.189838,NaN,NaN,NaN,0.1098,346.1882717,0.520537744,0.644375465,NaN
1994,92.04601771,115.6019182,3846.127059,61.17710308,53.94473782,NaN,0.1098,363.4786655,0.530745214,0.661577595,NaN
1994.083333,91.32657605,117.1483282,3874.466216,76.01704426,69.66565256,NaN,0.1098,359.4840135,0.540940118,0.676252262,NaN
1994.166667,88.49724435,120.1958997,3911.536728,77.3521419,73.91704864,NaN,0.1098,367.7361361,0.549126828,0.687238111,NaN
1994.25,94.88459724,122.7846551,4023.687342,82.49237162,79.56358285,NaN,0.1098,380.264466,0.557796973,0.696158279,NaN
1994.333333,95.30048128,127.1263938,4147.155013,79.07447105,81.2168679,NaN,0.1098,393.948759,0.563589538,0.705264382,NaN
1994.416667,100.9178348,131.3144275,4249.013726,85.09323761,88.65918556,NaN,0.1098,403.2701309,0.573703603,0.723494327,NaN
1994.5,110.2766818,134.8294571,4421.902277,83.17792179,89.23695604,NaN,0.1098,409.597848,0.579208668,0.739962145,NaN
1994.583333,102.7995118,139.6409049,4533.081434,84.03981473,84.75187942,NaN,0.1098,421.5515238,0.587734085,0.758470716,NaN
1994.666667,104.3089268,143.4266665,4592.374028,81.93880261,87.9332854,NaN,0.1098,429.9266807,0.594721021,0.774304423,NaN
1994.75,105.6154998,146.0502727,4784.470471,82.68541967,83.27853153,NaN,0.1098,435.217328,0.601226198,0.787743132,NaN
1994.833333,108.3418642,149.2465497,4896.371528,83.74526359,103.6224533,NaN,0.1098,446.1090863,0.606541844,0.798605949,NaN
1994.916667,110.8220248,151.3840792,4972.452934,98.9232261,120.3240879,NaN,0.1098,453.1603955,0.612421011,0.808929475,NaN
1995,113.862631,153.045206,5191.740575,76.86303332,100.1386769,NaN,0.1098,456.9459827,0.619536438,0.820905915,NaN
1995.083333,118.3649983,151.6933857,5247.702411,75.99577043,102.0096877,NaN,0.1098,468.9164232,0.624766632,0.826805844,NaN
1995.166667,118.2920209,158.9649176,5315.789226,87.91443278,108.9249638,NaN,0.1098,483.6733858,0.63061171,0.832850467,NaN
1995.25,115.5306803,163.3709704,5425.878237,87.87444932,102.9963499,NaN,0.1098,491.9163725,0.639643717,0.841066503,NaN
1995.333333,113.8502397,166.7650099,5548.749718,91.83444004,106.0427563,NaN,0.1098,500.2498135,0.648616366,0.849931835,NaN
1995.416667,110.4812295,169.2488188,5640.339021,91.47827988,110.1282051,NaN,0.1098,508.0510223,0.655273863,0.856462089,NaN
1995.5,104.6476429,175.1271354,5837.704984,91.45338707,101.3202226,NaN,0.1098,520.9620976,0.661877973,0.863194748,NaN
1995.583333,132.5501066,177.6757862,5951.53912,95.40710538,100.9692593,NaN,0.1098,528.4241417,0.665965075,0.868508136,NaN
1995.666667,124.4641323,180.0390255,5996.011907,98.08163153,101.4007152,NaN,0.1098,533.3154052,0.671272648,0.876189041,NaN
1995.75,123.9261399,182.5089459,6229.319731,93.17920726,96.38358535,NaN,0.1098,542.2283057,0.674404217,0.882449912,NaN
1995.833333,121.2340254,184.6541146,6357.102131,96.24254677,97.25092639,NaN,0.1098,545.1057126,0.676766263,0.886964469,NaN
1995.916667,126.4884124,187.4738559,6439.326549,101.0365608,111.3229527,NaN,0.1098,554.200471,0.67641044,0.890050107,NaN
1996,123.8896711,187.5051408,6536.401383,99.54462583,95.10652372,0.118784,0.1098,558.1668759,0.67896611,0.895928979,NaN
1996.083333,123.6503155,183.2223169,6675.077466,98.62475661,99.98301438,0.116184,0.1098,566.1851694,0.681839562,0.903167167,NaN
1996.166667,139.1863926,193.7906848,6820.157577,94.33070399,87.37989284,0.116484,0.1098,573.6230094,0.686808445,0.913092582,NaN
1996.25,131.671507,196.7219884,6972.253534,92.62575413,96.63546598,0.105484,0.1098,582.3817147,0.691953471,0.922874152,0.878316609
1996.333333,140.782027,200.7833094,7124.594638,96.43229275,101.0978709,0.106484,0.0918,586.6655741,0.694300181,0.927605839,0.882077244
1996.416667,146.4069372,204.0739302,7230.914625,91.66095985,97.76010343,0.113684,0.0918,595.7257543,0.697350906,0.931404766,0.886606081
1996.5,136.3546454,204.2771395,7413.88533,91.37171013,101.6303386,0.112784,0.0918,603.661681,0.698720337,0.93474115,0.889721965
1996.583333,137.7125724,207.8658054,7588.212378,93.51965987,112.6711525,0.112584,0.0747,606.2352482,0.702367106,0.939381594,0.892455095
1996.666667,138.7217333,213.2992521,7662.903217,89.25235688,108.0049494,0.104584,0.0747,616.1693958,0.701973073,0.941084367,0.890257881
1996.75,134.5049642,214.0839295,7873.86014,94.52564526,119.1532463,0.105684,0.0747,623.3076732,0.707107335,0.943331179,0.893898729
1996.833333,143.0986219,217.3660258,7952.734766,93.29187786,108.5087944,0.106884,0.0747,629.6833797,0.708428708,0.946742509,0.893565228
1996.916667,157.3239083,224.5140529,8068.476166,110.9687081,119.8752421,0.105284,0.0747,639.5574829,0.70969914,0.95073784,0.894608167
1997,150.2265982,222.3472544,8157.428926,96.15362656,118.5970444,0.106384,0.0747,631.7717934,0.705547294,0.949675488,0.895181614
1997.083333,146.6218578,216.1690549,8123.569276,93.78625075,111.6730301,0.106084,0.0747,641.805199,0.706489073,0.953159875,0.897643514
1997.166667,146.7031982,222.7153882,8259.210825,92.61997169,118.1169376,0.105784,0.0747,650.8698123,0.703240311,0.948312785,0.898897028
1997.25,151.3967873,223.7592868,8408.537762,94.30069952,124.2840768,0.104884,0.0747,653.1679009,0.705013005,0.95338849,0.899163749
1997.333333,151.4666149,224.2010476,8485.392214,95.30015128,126.331944,0.102284,0.0747,656.0429609,0.707213496,0.956086923,0.900315608
1997.416667,162.3745105,226.2141235,8612.019318,93.61410213,124.1782163,0.102484,0.0747,663.1345623,0.709537101,0.958627565,0.900373645
1997.5,127.9114322,227.6763027,8755.798574,101.6483172,126.5193282,0.096242,0.0747,664.3041133,0.710397181,0.959457262,0.899313671
1997.583333,151.331808,228.1431227,8893.384907,95.18573218,126.1309972,0.09,0.0747,673.6401713,0.710612525,0.958108975,0.899972742
1997.666667,148.47517,229.1615056,8973.259667,97.60740766,132.1708117,0.089625,0.0747,676.142406,0.708348716,0.958348663,0.896500093
1997.75,157.0922436,232.1865483,9165.173203,107.1424158,140.1688111,0.08925,0.0567,686.1918096,0.710580774,0.956722506,0.900575299
1997.833333,154.7409824,232.2152931,9233.125063,96.82887979,133.7813449,0.085017,0.0567,692.0906621,0.71116923,0.955724595,0.902809304
1997.916667,170.67421,228.641784,9464.322543,108.4117023,127.8682456,0.0954,0.0567,682.343058,0.708979352,0.95319286,0.903107954
1998,159.5810088,233.8433794,9578.453045,95.16391894,130.4223431,0.086161,0.0567,693.0884739,0.707397354,0.9520899,0.902460713
1998.083333,151.9684783,236.4840621,9480.205346,95.15955973,134.9655404,0.085898,0.0567,685.2889481,0.704480156,0.951469518,0.900522569
1998.166667,156.829863,238.7431583,9531.129292,96.47428693,128.9994537,0.083086,0.0522,693.2814487,0.704152655,0.953500881,0.899490643
1998.25,167.9971215,241.1251454,9636.184275,96.29812282,133.2223015,0.068596,0.0522,695.2336997,0.701522048,0.951873486,0.897819155
1998.333333,167.1399783,241.5273035,9800.628007,93.62392066,124.8637488,0.06567,0.0522,698.9107197,0.699495561,0.949280025,0.896837228
1998.416667,169.718268,244.6934506,9817.702022,95.97443739,127.4176639,0.066158,0.0522,703.5803667,0.699544619,0.947644837,0.89698287
1998.5,177.1606805,248.1957621,10112.94735,95.18516229,129.640409,0.05527,0.0477,706.4679772,0.699138266,0.9457266,0.895614602
1998.583333,184.5247466,250.7901154,10227.39264,93.38017155,121.2373182,0.051713,0.0477,713.3135596,0.699811088,0.945348195,0.895195584
1998.666667,190.722433,249.4775384,10408.98121,95.81132995,121.4467713,0.047653,0.0477,723.6172066,0.701887865,0.944407673,0.897750523
1998.75,189.5612202,249.032462,10659.09643,98.9114736,116.6535488,0.047728,0.0477,729.4173283,0.702490488,0.945449639,0.895331003
1998.833333,204.5141148,250.5999424,10775.05695,98.07103608,120.6774269,0.045867,0.0477,737.2420865,0.701477426,0.942945314,0.896490984
1998.916667,171.7073048,250.3152147,10912.36389,104.2362741,136.2408087,0.041624,0.0378,740.1088939,0.699956593,0.942055583,0.897770638
1999,180.9153523,250.4165475,10957.75028,92.72396279,111.3549439,0.040244,0.0378,755.0200237,0.696996655,0.939892403,0.899146648
1999.083333,192.9551746,249.4372445,11186.64231,103.5093055,122.3376394,0.040275,0.0378,713.3165812,0.692399136,0.937994374,0.896411765
1999.166667,187.9054409,252.3893938,11227.67031,116.3716457,123.7015988,0.04048,0.0378,732.1775218,0.691289493,0.93619478,0.89552237
1999.25,182.9444029,253.5538373,11361.06126,112.3801285,121.9776005,0.040358,0.0378,738.8466866,0.69102314,0.932549876,0.894891916
1999.333333,184.8184822,251.678663,11486.33602,116.752187,131.5663528,0.040115,0.0378,740.4421905,0.690501559,0.930338448,0.894460617
1999.416667,177.0225893,257.1271609,11555.43528,115.3282716,126.1557206,0.029007,0.0225,746.2346474,0.688605952,0.928893076,0.892522599
1999.5,181.7521647,259.0567312,11700.68009,112.324536,137.8862726,0.02632,0.0225,751.4143866,0.688059107,0.931542605,0.892359188
1999.583333,182.0757617,261.4737549,11863.77547,112.9909442,142.0821906,0.025941,0.0225,757.5682512,0.688696396,0.933426012,0.891622893
1999.666667,177.8402433,265.0829406,12001.55534,123.1162332,144.4935819,0.025826,0.0225,765.353544,0.69441356,0.937549897,0.892580157
1999.75,187.0641288,267.2468761,12204.66542,120.1659586,145.5083041,0.026,0.0225,777.0781623,0.699660092,0.939516072,0.893452445
1999.833333,209.774257,270.3658284,12283.56492,132.9341975,154.9799734,0.025781,0.0225,784.0160766,0.696417749,0.933303772,0.892521114
1999.916667,196.8695414,272.9169947,12516.48138,109.4694679,143.6121391,0.025708,0.0225,794.9695057,0.695973353,0.931508581,0.893685732
2000,196.0306227,274.6583227,12527.9959,140.8205333,162.0047126,0.025212,0.0225,806.0638404,0.700048753,0.937797991,0.897423431
2000.083333,195.3963105,276.5824432,12697.95768,157.0246198,161.8067998,0.025007,0.0225,793.8416963,0.700524242,0.938809874,0.89881052
2000.166667,198.4384863,276.6943424,12729.93259,144.0404892,167.4665471,0.024558,0.0225,805.9059331,0.701525118,0.935390302,0.900117422
2000.25,193.5861711,277.9317049,13003.87072,146.067528,167.495694,0.024179,0.0225,817.1125074,0.704037169,0.93141749,0.900672882
2000.333333,194.5398602,279.5004838,13095.5717,148.4027811,171.8967934,0.023888,0.0225,826.334418,0.705181991,0.932479711,0.900133034
2000.416667,203.7502488,281.0568008,13218.26242,160.3145419,183.9887903,0.023628,0.0225,831.2824772,0.706784586,0.93425395,0.901193903
2000.5,201.990301,283.2618879,13520.13584,157.5627539,170.2506579,0.023575,0.0225,842.8455566,0.709314016,0.935336257,0.907204937
2000.583333,198.7649015,286.183584,13621.98699,167.7018983,181.6400606,0.023241,0.0225,844.9233037,0.706703785,0.936465443,0.906177967
2000.666667,210.1585297,288.9739132,13834.19284,163.1845085,177.0384007,0.023064,0.0225,850.1273204,0.709613183,0.939623075,0.908124826
2000.75,208.2978346,292.6958723,13937.72791,167.8238166,183.0911314,0.023021,0.0225,859.2115864,0.710784034,0.940347908,0.90910824
2000.833333,219.0029713,294.6484795,14144.52501,170.5843885,175.754491,0.023072,0.0225,867.0746754,0.714139727,0.945261182,0.909619005
2000.916667,209.8662612,300.3778551,14267.53713,143.3269955,160.2414491,0.024316,0.0225,883.2906105,0.715943316,0.944710939,0.908612231
2001,212.9796128,302.1914094,14427.24008,167.1195026,164.4023447,0.024929,0.0225,892.8018952,0.71913373,0.943264636,0.906984213
2001.083333,215.2322856,305.2346845,14628.04725,174.1801317,204.3765111,0.025171,0.0225,896.0345714,0.722149921,0.944436145,0.905932955
2001.166667,211.5999342,303.5469656,14617.7816,168.2513127,191.8780511,0.024937,0.0225,901.4251123,0.721845171,0.943736559,0.905891885
2001.25,225.0073016,306.0316806,14816.6103,170.1113949,184.1385692,0.024251,0.0225,907.1690581,0.721495069,0.946998012,0.905761525
2001.333333,225.0915827,309.065617,14991.81048,165.6789594,178.9177229,0.023835,0.0225,915.9576369,0.721563758,0.947950852,0.907127505
2001.416667,231.3416655,309.2865822,15104.50846,170.9485908,182.8559135,0.023514,0.0225,920.8603935,0.721835405,0.947036274,0.908544454
2001.5,230.8253394,310.77904,15348.05821,167.3494775,181.3423886,0.02301,0.0225,928.0008057,0.724725205,0.947822343,0.911265555
2001.583333,234.451502,313.6121267,15475.93942,175.6880391,184.3487247,0.022985,0.0225,930.2028713,0.722329629,0.945170115,0.908882436
2001.666667,236.1848612,315.6021933,15708.72597,167.7482877,183.4776852,0.022651,0.0225,937.5957371,0.718862097,0.94059668,0.908541861
2001.75,237.9246636,321.0898012,15730.11972,168.8476904,183.8966165,0.021796,0.0225,943.2358107,0.720830437,0.943005435,0.908961358
2001.833333,242.1567903,325.3972234,16010.18786,166.1683977,189.7902641,0.02139,0.0225,949.3089063,0.722045986,0.942326588,0.907674665
2001.916667,256.0141946,334.2085986,16324.91598,160.3460682,181.4027842,0.0214,0.0225,963.7195061,0.722902342,0.941191684,0.905018778
2002,249.9519484,331.8063433,16301.33856,169.298088,206.1549454,0.021361,0.0225,982.191043,0.722487113,0.939793036,0.901175325
2002.083333,243.6672373,330.942352,16535.54461,173.6052409,206.3367272,0.020523,0.0198,967.295536,0.723448511,0.93891096,0.89975603
2002.166667,258.7622227,337.1588885,16721.28037,181.5426374,196.6911368,0.01955,0.0198,975.4993241,0.723294251,0.936625737,0.900437037
2002.25,275.8555963,343.5128403,16905.75235,196.6471182,214.1906723,0.0195,0.0198,987.211965,0.723173221,0.935122104,0.903965069
2002.333333,266.4419825,349.0859281,17087.66559,197.1976137,212.4241585,0.01951,0.0198,1003.394214,0.725427557,0.936832452,0.908742164
2002.416667,267.4919568,350.6528889,17321.85031,189.3454689,214.5773793,0.0195,0.0198,1007.751063,0.725345002,0.938727789,0.911070349
2002.5,274.034018,352.2609721,17561.2482,212.3983113,231.9684859,0.0195,0.0198,1015.575838,0.726691882,0.938128189,0.913070046
2002.583333,284.4077031,355.4824518,17871.61484,217.5045963,232.7196357,0.0196,0.0198,1023.85786,0.726998908,0.937511129,0.912967946
2002.666667,291.3703295,362.8388023,18300.66575,225.348254,243.269205,0.0217,0.0198,1042.331238,0.726273006,0.935357845,0.913491468
2002.75,295.1162104,364.3715592,18397.94802,225.4601217,242.099268,0.0224,0.0198,1051.856465,0.728858243,0.936163985,0.914715528
2002.833333,293.7551979,366.2014244,18663.07598,231.5690991,245.2529814,0.0223,0.0198,1057.33823,0.729764353,0.936237157,0.915992662
2002.916667,290.4775558,359.1685588,19064.23689,214.9501983,238.5190427,0.0229,0.0198,1057.439698,0.729311383,0.937320937,0.91698474
2003,305.1933282,371.5942384,19450.75717,271.7823073,280.9913837,0.0227,0.0198,1080.313517,0.736023026,0.94406903,0.92233243
2003.083333,322.872672,384.4532838,19533.43885,253.3246255,263.6306253,0.0224,0.0198,1106.825358,0.73511573,0.941121311,0.927654344
2003.166667,332.7182259,383.8901875,19821.40575,260.1295634,264.8349733,0.0203,0.0198,1099.27073,0.739213067,0.945092125,0.931583106
2003.25,341.4209548,383.6778573,20148.27565,262.5634347,284.4286239,0.0196,0.0198,1107.435113,0.738291999,0.944720489,0.930904244
2003.333333,355.9421648,370.4020572,20534.24774,276.6904057,293.0656903,0.0203,0.0198,1099.099933,0.73772607,0.942797625,0.930798957
2003.416667,355.0949224,395.2090819,20928.25954,266.3940287,282.127224,0.0216,0.0198,1136.831767,0.73875783,0.941162417,0.933144125
2003.5,362.4715288,401.4546602,21194.67045,286.6191389,303.5588241,0.022,0.0198,1150.598091,0.743804359,0.941586863,0.93821398
2003.583333,367.2934793,406.0255312,21722.94784,282.978607,297.3013689,0.0225,0.0198,1162.69838,0.747024734,0.944792304,0.941311781
2003.666667,370.3462034,412.8953242,22083.41337,312.9972714,319.5662664,0.0286,0.0198,1171.650283,0.747663438,0.946238868,0.945270962
2003.75,380.3087423,415.7494409,22255.99772,313.3285735,332.0716494,0.0309,0.0198,1189.41919,0.750334826,0.953482075,0.949762965
2003.833333,383.4174761,419.1963642,22464.74456,297.122686,325.3706683,0.027,0.0198,1215.365673,0.758736627,0.965065334,0.961008438
2003.916667,375.4600113,414.4977326,22797.01447,326.7404527,361.8926891,0.0214,0.0198,1222.695459,0.762834869,0.967674706,0.975415312
2004,449.4794303,426.9026148,22979.12453,362.6073668,339.4985536,0.0229,0.0198,1241.872064,0.770930513,0.968780239,0.991237759
2004.083333,544.1641776,437.7764338,23328.78602,374.2318265,364.0911463,0.0222,0.0198,1266.814989,0.773260694,0.966925259,0.998735421
2004.166667,467.0774702,443.8569455,23609.27639,367.2710389,378.4744292,0.0191,0.0198,1293.07121,0.780960748,0.97391368,1.000214442
2004.25,474.4248911,449.5754125,24000.62595,376.386021,377.668035,0.0206,0.0198,1311.893094,0.787664614,0.981444678,0.996160391
2004.333333,464.4150084,452.3785776,24125.68767,376.8240726,389.1165506,0.0218,0.0198,1321.509642,0.790632312,0.98387995,0.991039499
2004.416667,488.6407678,461.4862182,24308.17346,395.9580458,410.7048869,0.0241,0.0198,1331.470607,0.795422036,0.987368841,0.99131498
2004.5,504.6849839,470.3136952,24433.2161,386.9800884,406.8685608,0.0233,0.0198,1359.705279,0.799871977,0.990017175,0.993083232
2004.583333,510.3667002,480.2490189,24683.78563,384.8635295,407.6709911,0.0228,0.0198,1379.164912,0.803864836,0.993485849,0.993501938
2004.666667,518.3994,486.4026719,25161.84119,383.9599763,425.9702849,0.0212,0.0198,1396.584497,0.809876881,0.995475384,0.995940969
2004.75,532.2744006,492.6612701,25249.42941,401.8484226,427.0158582,0.0214,0.0225,1404.476887,0.813059176,0.994825964,0.99538796
2004.833333,529.8391657,509.2574259,25616.54822,408.7377211,471.0715106,0.0209,0.0225,1427.587219,0.815120156,0.993122329,0.998830139
2004.916667,479.3221343,525.4693084,26132.21769,411.4944156,483.4363801,0.0187,0.0225,1449.865691,0.813882138,0.991668936,1.004175884
2005,555.4377155,533.1505803,26226.07482,379.2053222,467.8841276,0.0184,0.0225,1468.006849,0.814037745,0.993680053,1.011769657
2005.083333,651.7790556,537.2858324,26573.82016,418.5663758,483.3671052,0.0195,0.0225,1483.525675,0.817075127,0.998592459,1.017148206
2005.166667,572.8893727,538.7380137,26921.65787,434.3215048,505.1347492,0.017,0.0225,1490.34847,0.820088545,1.000413822,1.017898061
2005.25,583.160068,548.2168623,27384.71421,442.441764,503.3219463,0.0129,0.0225,1518.348507,0.822644214,1.000272357,1.014561576
2005.333333,592.9583189,558.9617287,27660.10091,438.1631926,506.8685249,0.0114,0.0225,1535.638126,0.82409144,1.001592216,1.008436838
2005.416667,604.514317,559.7436847,28117.26424,454.9378945,533.9120837,0.011,0.0225,1527.115684,0.824552158,1.00228703,1.00448943
2005.5,625.8635473,565.4360342,28415.83032,427.934985,512.085763,0.0119,0.0225,1566.409055,0.828507173,1.005836844,1.006542725
2005.583333,652.7294623,570.0372911,28963.95406,455.7393096,525.435743,0.0123,0.0225,1584.617981,0.830637821,1.005157623,1.009717465
2005.666667,667.5485249,574.4754276,29670.84313,463.8543823,523.6092342,0.0119,0.0225,1605.669164,0.83281425,1.004621422,1.012276818
2005.75,680.2059207,580.0232292,29791.80176,481.0860274,541.6078453,0.0112,0.0225,1634.611667,0.836656601,1.007311379,1.014437887
2005.833333,685.4292476,582.3889434,30304.37655,481.1837228,542.4587996,0.0119,0.0225,1656.631299,0.837942751,1.006895857,1.015217727
2005.916667,661.0536258,570.9086131,30723.64833,498.0281448,561.8517369,0.0156,0.0225,1660.967834,0.840136831,1.008128656,1.017141058
2006,703.3363458,593.8503509,31264.1038,496.1922072,579.3185969,0.0154,0.0225,1661.009068,0.843465281,1.010195559,1.019050219
2006.083333,755.8405807,613.0217248,31575.01311,493.3826051,575.5276756,0.0138,0.0225,1747.949894,0.845918234,1.010129483,1.021599222
2006.166667,731.2713192,612.0181388,31972.16088,511.6241992,631.8898939,0.0149,0.0225,1745.210816,0.846872056,1.00876584,1.021138131
2006.25,741.5886861,620.3677124,32565.90214,502.3287241,610.8877209,0.0164,0.0225,1763.060584,0.850724749,1.013306829,1.020263331
2006.333333,761.0357235,634.2909938,32929.35013,513.3418826,614.6452308,0.0168,0.0225,1789.941603,0.8544609,1.01602626,1.021217269
2006.416667,769.3753579,635.2030023,33299.27604,524.096946,634.9258312,0.0196,0.0225,1804.265828,0.857379261,1.016213498,1.024386965
2006.5,775.9363351,640.9570888,33644.3431,497.2215704,612.7623878,0.0232,0.0225,1832.908734,0.859099645,1.014307418,1.026999812
2006.583333,781.2706451,646.7023297,34160.08742,540.9074471,678.4835257,0.0242,0.0252,1851.883943,0.862502632,1.017109442,1.029820604
2006.666667,807.24342,654.3049183,34664.44603,547.6744802,665.634132,0.0214,0.0252,1882.091086,0.866053874,1.019671018,1.033769262
2006.75,793.5589596,661.4892738,34880.2415,537.6667145,682.3203141,0.0236,0.0252,1923.7857,0.868929963,1.021871778,1.036571139
2006.833333,839.3906544,666.6865696,35395.51181,553.8265738,701.084919,0.0318,0.0252,1958.791951,0.875170611,1.026650111,1.038880983
2006.916667,852.87105,660.6679574,35928.23436,558.3476199,682.8185765,0.0216,0.0252,1982.948275,0.887027605,1.036981963,1.042645002
2007,873.7914396,684.342429,36200.70578,579.6432627,730.4046457,0.0169,0.0252,2058.48028,0.894954428,1.035527478,1.046046558
2007.083333,897.9529877,703.6300591,37189.05044,577.3084395,850.1504845,0.0301,0.0252,2105.089945,0.900853091,1.034817767,1.046984103
2007.166667,907.4449087,706.1180001,37493.75306,570.3558903,659.8854802,0.0168,0.0279,2110.116823,0.906668652,1.041759001,1.048563118
2007.25,925.5013801,715.6505798,38144.44118,589.1113208,753.549131,0.0317,0.0279,2150.109875,0.909246869,1.044217086,1.052017387
2007.333333,944.3432837,731.3535217,38441.72335,573.8913157,750.3543533,0.0241,0.0306,2196.276385,0.914525449,1.051348943,1.055635423
2007.416667,958.7042511,734.3422415,38980.13253,572.1952399,769.8886682,0.029,0.0306,2237.33671,0.920898013,1.060456403,1.059548703
2007.5,969.3883166,743.7850754,39861.81771,585.6870763,771.2652481,0.0287,0.0333,2262.674764,0.928022393,1.069910175,1.063008821
2007.583333,988.5050889,755.0141127,40339.64723,608.5617218,784.9401572,0.0227,0.036,2297.081154,0.936664696,1.082391359,1.068632047
2007.666667,995.9843325,764.7353059,41060.03632,596.2465235,772.1034182,0.05,0.0387,2343.635392,0.939847626,1.082867711,1.075872861
2007.75,1039.609615,779.4442269,41322.62211,640.6668708,791.8403528,0.0486,0.0387,2379.535711,0.946532776,1.088491182,1.086254054
2007.833333,1061.930292,793.2177879,41925.98374,662.280632,815.6622319,0.0294,0.0387,2423.139795,0.956885606,1.097674682,1.100474704
2007.916667,1073.661412,800.6618401,41935.43515,666.4685352,782.3097399,0.0349,0.0414,2459.7501,0.965035541,1.104482023,1.114250307
2008,1091.498964,826.1025175,43057.11946,697.2979916,843.9739314,0.0333,0.0414,2505.507354,0.973047303,1.10974643,1.127940196
2008.083333,1105.245863,847.0518955,43689.69646,716.1435436,833.9908589,0.0321,0.0414,2536.083491,0.984870853,1.125014641,1.139745314
2008.166667,1135.330693,858.2039713,43601.48544,647.2158359,790.1827384,0.0251,0.0414,2601.415034,0.99272028,1.128360541,1.155503477
2008.25,1144.881582,873.0602119,44606.10951,681.5608609,841.5376587,0.0315,0.0414,2624.053889,0.99968144,1.132600578,1.16535699
2008.333333,1155.165484,886.2624481,45388.14275,714.8655987,864.9486914,0.0335,0.0414,2644.293092,1.003023567,1.1325771,1.173213667
2008.416667,1222.925348,900.632171,45750.98155,671.9599197,818.5860192,0.0338,0.0414,2694.797433,1.007163079,1.135974917,1.180424538
2008.5,1242.659914,914.9831605,46379.2249,697.0141101,871.5175907,0.0308,0.0414,2697.758038,1.010025077,1.137336102,1.186698879
2008.583333,1252.432044,926.9922483,46793.99079,678.4861434,859.5786148,0.0339,0.0414,2711.004715,1.010877615,1.134899019,1.18631667
2008.666667,1269.093336,939.6093185,47338.11587,648.7770037,850.0101209,0.0318,0.0414,2740.426368,1.011944871,1.132635586,1.180714608
2008.75,1294.22394,950.4454846,47529.27995,683.1938235,864.8532375,0.0312,0.036,2736.907569,1.012515785,1.131456801,1.17021649
2008.833333,1331.922457,958.6507821,48131.02933,507.2288015,740.4576947,0.0266,0.0252,2726.163602,1.000937839,1.123870454,1.15094678
2008.916667,1375.479613,958.3301414,49408.32969,490.1970881,711.6025417,0.0151,0.0225,2733.144082,0.991458186,1.117074324,1.139049817
2009,1391.602305,964.4128678,51147.55221,463.275857,669.3989803,0.0096,0.0225,2719.682192,0.985029565,1.113557808,1.132705676
2009.083333,1393.893807,968.4915853,52602.39453,436.51069,588.167438,0.0095,0.0225,2708.439344,0.984647328,1.115709939,1.129903246
2009.166667,1460.685746,985.4913458,54724.22437,468.4666413,640.2324337,0.0095,0.0225,2801.477305,0.985369455,1.114906765,1.12816769
2009.25,1504.46081,1002.312071,56181.39493,510.0407093,640.826491,0.0094,0.0225,2799.627923,0.987594265,1.115485951,1.12566415
2009.333333,1557.526526,1017.562602,57071.0507,519.4300263,616.3878828,0.0095,0.0225,2836.386921,0.989068736,1.116609393,1.125499721
2009.416667,1657.950955,1033.399342,58767.1358,576.1787166,640.7375142,0.0104,0.0225,2893.045298,0.991792527,1.117209231,1.129630442
2009.5,1613.459295,1052.058289,59560.20062,597.8773373,666.8587104,0.016,0.0225,2914.174932,0.99430061,1.117252916,1.137073603
2009.583333,1645.447276,1065.761593,60144.31636,572.4705813,664.5585533,0.0154,0.0225,2961.357386,0.999588875,1.120985331,1.141741414
2009.666667,1692.617259,1081.637004,61212.91764,633.6070986,726.067057,0.0159,0.0225,3003.026779,1.00529548,1.123624858,1.142490274
2009.75,1688.367871,1105.393794,61555.17047,644.2713558,753.0019659,0.0151,0.0225,3059.130871,1.010077252,1.125147077,1.13881122
2009.833333,1685.781828,1111.2695,62445.19745,641.9739454,734.2530529,0.0144,0.0225,3092.925206,1.0183135,1.130346301,1.139255849
2009.916667,1781.11651,1131.064103,63084.55535,746.4440541,832.9326691,0.0148,0.0225,3118.862929,1.028343856,1.13704798,1.144968218
2010,1776.584511,1182.058074,64497.06333,706.3909988,785.9495117,0.0147,0.0225,3191.938157,1.032069939,1.137997844,1.149796769
2010.083333,1742.899709,1236.514848,66031.78586,752.538178,876.9102224,0.018,0.0225,3244.892429,1.038073442,1.139348936,1.153713592
2010.166667,1829.790441,1198.42297,67031.70244,762.7183773,790.5727678,0.0163,0.0225,3231.545854,1.042773308,1.14193621,1.15728993
2010.25,1846.528234,1235.690234,68243.54043,769.1495952,836.8694038,0.0164,0.0225,3304.690109,1.051363375,1.146691604,1.163104586
2010.333333,1902.949361,1260.848565,69050.26424,762.6875112,903.4422338,0.0193,0.0225,3371.923555,1.058056833,1.150953693,1.1682055
2010.416667,2100.880606,1278.263238,69615.54907,775.7140583,916.4541219,0.0272,0.0225,3413.324671,1.061025023,1.150265369,1.171869621
2010.5,1978.366953,1297.224599,70048.75195,753.2346588,914.4198771,0.0205,0.0225,3449.426423,1.066837782,1.154695575,1.174411076
2010.583333,1999.893298,1320.610371,71698.03953,782.6964871,897.2908159,0.0203,0.0225,3505.501323,1.074429261,1.160005275,1.179492274
2010.666667,2059.642194,1336.758676,72818.88682,791.3624136,900.0804152,0.0246,0.0225,3556.266404,1.080747923,1.164067136,1.184806291
2010.75,2052.824211,1348.730399,73435.31837,797.609827,910.6921163,0.0202,0.025,3610.59419,1.08896871,1.173808951,1.190793316
2010.833333,2202.576296,1362.978361,74590.78836,854.7876823,969.72484,0.0206,0.025,3681.843826,1.103662355,1.187674596,1.202284122
2010.916667,2252.927362,1377.51601,75524.82966,890.2474523,942.7738165,0.043,0.0275,3741.083955,1.110239095,1.188350085,1.211152572
2011,2325.396605,1394.68903,75590.55823,981.3078964,1031.381624,0.047,0.0275,3791.536135,1.121081808,1.194339312,1.221880017
2011.083333,2348.717846,1414.671776,76405.37942,882.4663259,871.2498771,0.0403,0.03,3870.301929,1.127534466,1.195552349,1.231353548
2011.166667,2386.866334,1439.344219,78179.07455,917.9054469,1028.510308,0.0239,0.03,3926.798377,1.137756969,1.203620047,1.237377719
2011.25,2484.506891,1465.239111,78712.09953,899.7405419,1033.676677,0.0291,0.0325,3987.348139,1.144353676,1.20803064,1.241925898
2011.333333,2486.797787,1486.498509,79456.13906,926.0613479,1010.992108,0.0378,0.0325,4020.930169,1.1520486,1.214876703,1.24730234
2011.416667,2394.974991,1505.930657,80649.61359,896.2031724,1032.079014,0.0595,0.0325,4086.526028,1.160537044,1.223844353,1.25330095
2011.5,2532.093874,1525.489033,80310.89411,903.9068568,1055.153222,0.0525,0.035,4131.685525,1.166328994,1.229879761,1.259881614
2011.583333,2618.542419,1542.459439,81420.29369,966.9580388,1053.968296,0.0391,0.035,4158.555076,1.168767543,1.231794547,1.265670172
2011.666667,2597.211193,1564.077963,82314.46966,931.4817272,1010.636815,0.04,0.035,4216.93215,1.170320879,1.234410663,1.270063819
2011.75,2691.169159,1561.967708,82893.78737,963.9635841,998.7860021,0.0393,0.035,4220.619862,1.170443519,1.237639584,1.269928524
2011.833333,2697.003613,1577.502146,84078.73664,983.0507312,1047.497166,0.0379,0.035,4239.90031,1.168430646,1.237409936,1.266899718
2011.916667,2502.238584,1592.745056,85803.75898,936.3715448,1007.338082,0.0402,0.035,4278.922918,1.168910254,1.236978011,1.263469948
2012,2721.650827,1620.613874,84956.22839,935.2430377,984.5860965,0.044537,0.035,4302.118391,1.169391803,1.239068853,1.260001555
2012.083333,2893.439923,1650.370339,86361.00035,969.3943872,972.7671981,0.041602,0.035,4328.704998,1.173064037,1.243343223,1.25839425
2012.166667,2870.573619,1659.41794,88678.52426,926.9564707,1075.743539,0.031853,0.035,4395.21897,1.176840603,1.247121207,1.261301121
2012.25,2923.309168,1676.814038,88771.50585,883.2772363,1045.766969,0.038544,0.035,4437.680605,1.180212332,1.249501571,1.265746316
2012.333333,2969.077427,1691.712703,89928.45819,1025.742377,1134.772941,0.029352,0.035,4441.380283,1.182653535,1.251923651,1.268571024
2012.416667,2961.259376,1710.778443,91650.22089,951.5051274,1129.508081,0.03228,0.0325,4494.976056,1.183384889,1.250609704,1.270084374
2012.5,3048.798458,1726.946773,91506.23275,947.5098668,1059.007656,0.034909,0.03,4510.180369,1.184554611,1.252050492,1.269721326
2012.583333,3088.241832,1744.99972,92379.46522,945.5592182,1077.237287,0.034779,0.03,4533.238025,1.184731124,1.256260801,1.268432487
2012.666667,3175.465443,1798.800628,94497.01117,953.8362284,1116.918575,0.034204,0.03,4609.989198,1.185655437,1.256986547,1.268913636
2012.75,3226.621411,1783.041555,94606.67953,962.1520945,1105.411416,0.031744,0.03,4618.360309,1.186606854,1.25799056,1.270283927
2012.833333,3247.64482,1797.248429,95757.27316,968.8691587,1060.657939,0.031895,0.03,4653.282029,1.189344741,1.262113477,1.26852181
2012.916667,3115.617922,1821.257932,97670.41884,970.5189635,1132.854097,0.033421,0.03,4711.613582,1.194286832,1.268050602,1.265393906
2013,3303.185218,1837.45833,98481.25995,998.3086753,1188.832675,0.030936,0.03,4751.029056,1.197797919,1.27161227,1.263066322
2013.083333,3430.106397,1853.758276,99453.32801,978.7238909,1207.90429,0.034574,0.03,4801.024345,1.201172181,1.275909334,1.262525535
2013.166667,3450.705325,1872.572697,102574.449,1066.767174,1190.796282,0.031527,0.03,4815.644889,1.201734199,1.273614047,1.264588213
2013.25,3483.524726,1896.538434,103037.0868,1026.315779,1190.350497,0.033491,0.03,4858.278145,1.204802518,1.280158097,1.265950605
2013.333333,3528.910709,1915.572842,104128.1617,1013.131284,1111.865647,0.036478,0.03,4880.206625,1.203034259,1.279096278,1.26695479
2013.416667,3566.706484,1939.697078,104472.0868,930.664563,1072.99903,0.07021,0.03,4933.225701,1.204557569,1.283635403,1.268142583
2013.5,3654.238126,1954.765463,104765.4859,1015.973883,1097.903142,0.041758,0.03,4947.164899,1.207156478,1.285315373,1.268370997
2013.583333,3727.346178,1972.587896,105996.1984,998.1434849,1120.888508,0.040728,0.03,5008.597944,1.210836113,1.288962253,1.270362494
2013.666667,3794.93727,2045.119679,107887.2377,987.2217186,1081.313831,0.037626,0.03,5103.146501,1.216194937,1.294930507,1.272885955
2013.75,3795.5071,2014.201452,108116.5134,988.3804723,1132.46237,0.043465,0.03,5104.416046,1.21918367,1.297690352,1.275111257
2013.833333,3823.578544,2025.608629,109383.5331,995.7504973,1163.700765,0.045213,0.03,5138.366435,1.220535809,1.299952168,1.277549389
2013.916667,3795.311513,2062.454188,110943.8288,1000.897879,1132.525233,0.052578,0.03,5183.340857,1.219534863,1.300110594,1.279570775
2014,3905.978809,2073.143971,111520.1788,1068.511716,1264.595448,0.047066,0.03,5192.411277,1.217765734,1.303759731,1.280391101
2014.083333,3953.122005,2079.81764,112710.4566,1065.330711,966.9756345,0.042966,0.03,5174.787179,1.212563775,1.302007509,1.27830706
2014.166667,3991.196006,2104.49367,114934.6701,951.1653266,1103.428773,0.033907,0.03,5252.325866,1.211941745,1.304450147,1.276435881
2014.25,4056.803607,2133.571364,116637.9823,1031.423091,1191.77025,0.03582,0.03,5267.493169,1.213213107,1.303828862,1.274355606
2014.333333,4116.227923,2162.12785,118133.3995,1002.021484,1189.436737,0.032331,0.03,5313.901437,1.217735927,1.311287221,1.273795925
2014.416667,4176.563376,2179.834386,119850.378,974.5420854,1148.287406,0.034038,0.03,5352.112604,1.219864473,1.312714001,1.274761243
2014.5,4227.339388,2184.014152,118908.8265,994.5032084,1265.512574,0.03828,0.03,5381.670919,1.222429906,1.314049167,1.275913717
2014.583333,4224.63398,2194.383848,119606.1103,980.8545465,1221.913937,0.034767,0.03,5399.013726,1.223156283,1.314701462,1.276980915
2014.666667,4251.827912,2293.257169,121826.2688,1051.984655,1246.339964,0.032744,0.03,5512.412619,1.222921188,1.315245932,1.276838248
2014.75,4295.406717,2230.801772,121685.1358,1024.912958,1259.225182,0.030759,0.03,5482.254727,1.222868163,1.318311927,1.276823943
2014.833333,4321.627814,2234.599412,122848.6461,925.53803,1212.609833,0.032426,0.0275,5506.416146,1.221051057,1.317925896,1.276409284
2014.916667,4412.335066,2312.271944,124434.5983,953.4922805,1228.219329,0.043125,0.0275,5562.605151,1.220837462,1.319471118,1.274942479
2015,4434.342121,2357.006198,123530.902,865.8918523,1229.962021,0.039937,0.0275,5572.556867,1.213983349,1.314929031,1.27032219
2015.083333,4406.972638,2393.680949,126810.5348,862.5009085,1441.119432,0.046494,0.0275,5589.274235,1.217182096,1.320612382,1.265016497
2015.166667,4432.820833,2417.421441,128290.0788,840.7234726,948.1791091,0.044913,0.025,5591.730229,1.218604056,1.322790282,1.264587292
2015.25,4440.452803,2438.713361,128383.4271,868.1727776,1111.472869,0.029375,0.025,5643.786276,1.220188365,1.323960475,1.260973392
2015.333333,4525.421693,2472.010079,130915.4333,815.6577041,1145.703913,0.021211,0.0225,5718.921192,1.222367237,1.32739708,1.258004066
2015.416667,4605.456263,2499.993589,133932.7974,894.5970724,1168.363089,0.02518,0.02,5755.731777,1.223493898,1.330640983,1.255766808
2015.5,4675.552226,2544.180175,134735.5913,910.7419013,1154.880693,0.025807,0.02,5780.602198,1.222156971,1.33427116,1.250550183
2015.583333,4629.571679,2564.990915,135525.6835,872.1961467,1195.763253,0.024787,0.0175,5817.534787,1.222853146,1.340856293,1.247321649
2015.666667,4578.528646,2527.821804,137822.0579,867.800318,1242.565971,0.024087,0.0175,5795.585069,1.219209653,1.336160514,1.245961184
2015.75,4699.017182,2610.349837,138100.4606,863.2647189,1211.756168,0.024268,0.015,5887.652755,1.219460853,1.335356755,1.244729185
2015.833333,4760.511122,2624.054087,139654.3408,862.7456825,1169.103728,0.023673,0.015,5905.688944,1.219793134,1.337281728,1.241024065
2015.916667,4817.176914,2575.62641,141034.1738,924.2221664,1269.923797,0.024554,0.015,5846.144948,1.218502737,1.340648741,1.234996669
2016,4827.313769,2625.805852,140788.169,749.9293251,1163.454887,0.02492,0.015,5941.416978,1.215186403,1.339585677,1.230657122
2016.083333,4809.677779,2656.17663,143676.3359,795.111932,1142.304449,0.024183,0.015,5957.713553,1.218937632,1.350961621,1.22782954
2016.166667,4837.859753,2677.46505,145480.9493,821.8287545,1115.074568,0.024858,0.015,6011.639571,1.222238765,1.353332211,1.234585609
2016.25,4868.311946,2697.639921,144867.8592,834.0627847,1155.964169,0.024888,0.015,6065.188037,1.225886343,1.354524742,1.242862893
2016.333333,4867.935063,2728.013773,146376.546,867.9511912,1173.874935,0.024237,0.015,6118.919207,1.228274696,1.353881099,1.248781207
2016.416667,4890.597756,2761.325178,149710.0809,872.4955571,1181.910191,0.024977,0.015,6172.57795,1.231314557,1.355792097,1.249558898
2016.5,4916.409955,2791.157451,148505.5687,879.4016632,1179.366617,0.024732,0.015,6219.440909,1.233618408,1.358222875,1.24751629
2016.583333,5041.566308,2817.424587,150907.8486,920.8696826,1211.612907,0.024763,0.015,6269.646876,1.235913922,1.358025928,1.247099404
2016.666667,5021.706103,2809.66359,153671.5945,898.6352595,1173.412266,0.025252,0.015,6293.197522,1.239411986,1.361817781,1.247319879
2016.75,5128.677572,2853.074145,154175.3542,919.5698138,1199.508658,0.027044,0.015,6371.160887,1.24240249,1.363247841,1.250253688
2016.833333,5143.817707,2875.716314,155560.9703,960.6874046,1233.002206,0.027154,0.015,6449.623701,1.250616302,1.367463322,1.259005434
2016.916667,5192.449054,2866.640882,157013.3457,1009.697573,1262.463533,0.030792,0.015,6488.024809,1.258130978,1.368476267,1.268272714
2017,5204.803523,2906.801643,155856.988,993.2583584,1276.837407,0.026699,0.015,6583.08911,1.265209795,1.369015187,1.276720674
2017.083333,5200.307289,2922.144129,158690.465,1038.608252,1131.040595,0.030793,0.015,6606.981813,1.267545556,1.366641833,1.283914515
2017.166667,5223.897999,2976.500946,160200.4493,1043.211505,1338.343696,0.035068,0.015,6719.027089,1.270747046,1.365834595,1.293386747
2017.25,5244.345434,2994.148088,159126.6314,1005.320311,1287.642786,0.033633,0.015,6744.16443,1.27360157,1.370746295,1.298783797
2017.333333,5255.388469,3025.805167,159739.0921,1032.452197,1287.523404,0.032901,0.015,6781.326558,1.275216846,1.374054657,1.304920279
2017.416667,5289.096276,3059.140421,163335.711,1029.804775,1306.99392,0.034854,0.015,6856.417478,1.279181052,1.37603166,1.31233998
2017.5,5287.208463,3071.730436,161707.6804,1005.862399,1268.101575,0.033194,0.015,6894.086272,1.280763662,1.377612145,1.317288971
2017.583333,5273.135175,3089.530642,163830.6114,1032.916483,1251.067139,0.035421,0.015,6977.33972,1.288865274,1.382092894,1.330200744
2017.666667,5341.268049,3105.156352,167465.1057,1064.813654,1256.87029,0.034098,0.015,7047.097746,1.294297493,1.383900048,1.339859477
2017.75,5317.926001,3127.073296,167861.7205,1064.346635,1258.635132,0.033743,0.015,7118.451877,1.299659189,1.388708531,1.347360754
2017.833333,5410.893526,3148.28786,169739.9945,1084.076551,1326.308307,0.03486,0.015,7171.511051,1.302314491,1.390354885,1.353072621
2017.916667,5095.130402,3138.68587,169677.065,1008.092703,1313.356534,0.038626,0.015,7212.676856,1.304376486,1.39303498,1.359058913
2018,5420.560457,3114.322157,169291.8604,1124.345066,1285.870359,0.032338,0.015,NaN,NaN,1.395314091,NaN
2018.083333,5746.810159,3057.732299,172655.226,1113.371563,1498.78466,0.030925,0.015,NaN,NaN,1.400917441,NaN
2018.166667,NaN,NaN,NaN,NaN,NaN,NaN,NaN,NaN,NaN,NaN,NaN
2018.25,NaN,NaN,NaN,NaN,NaN,NaN,NaN,NaN,NaN,NaN,NaN
2018.333333,NaN,NaN,NaN,NaN,NaN,NaN,NaN,NaN,NaN,NaN,NaN
2018.416667,NaN,NaN,NaN,NaN,NaN,NaN,NaN,NaN,NaN,NaN,NaN
2018.5,NaN,NaN,NaN,NaN,NaN,NaN,NaN,NaN,NaN,NaN,NaN
2018.583333,NaN,NaN,NaN,NaN,NaN,NaN,NaN,NaN,NaN,NaN,NaN
2018.666667,NaN,NaN,NaN,NaN,NaN,NaN,NaN,NaN,NaN,NaN,NaN
2018.75,NaN,NaN,NaN,NaN,NaN,NaN,NaN,NaN,NaN,NaN,NaN
2018.833333,NaN,NaN,NaN,NaN,NaN,NaN,NaN,NaN,NaN,NaN,NaN
2018.916667,NaN,NaN,NaN,NaN,NaN,NaN,NaN,NaN,NaN,NaN,NaN
