Dates,NomInvestment,NomConsumption,M2,NomImports,NomExports,Repo7Day,DepositRate1YBench,NomGDP,GDPDeflator,CPI,InvestmentPrice,n
1949,NaN,NaN,1,NaN,NaN,NaN,NaN,NaN,NaN,0,NaN,0
1949.083333,NaN,NaN,0.995004165,NaN,NaN,NaN,NaN,NaN,NaN,0.099833417,NaN,0.1
1949.166667,NaN,NaN,0.980066578,NaN,NaN,NaN,NaN,NaN,NaN,0.198669331,NaN,0.2
1949.25,NaN,NaN,0.955336489,NaN,NaN,NaN,NaN,NaN,NaN,0.295520207,NaN,0.3
1949.333333,NaN,NaN,0.921060994,NaN,NaN,NaN,NaN,NaN,NaN,0.389418342,NaN,0.4
1949.416667,NaN,NaN,0.877582562,NaN,NaN,NaN,NaN,NaN,NaN,0.479425539,NaN,0.5
1949.5,NaN,NaN,0.825335615,NaN,NaN,NaN,NaN,NaN,NaN,0.564642473,NaN,0.6
1949.583333,NaN,NaN,0.764842187,NaN,NaN,NaN,NaN,NaN,NaN,0.644217687,NaN,0.7
1949.666667,NaN,NaN,0.696706709,NaN,NaN,NaN,NaN,NaN,NaN,0.717356091,NaN,0.8
1949.75,NaN,NaN,0.621609968,NaN,NaN,NaN,NaN,NaN,NaN,0.78332691,NaN,0.9
1949.833333,NaN,NaN,0.540302306,NaN,NaN,NaN,NaN,NaN,NaN,0.841470985,NaN,1
1949.916667,NaN,NaN,0.453596121,NaN,NaN,NaN,NaN,NaN,NaN,0.89120736,NaN,1.1
1950,NaN,NaN,0.362357754,NaN,NaN,NaN,NaN,NaN,NaN,0.932039086,NaN,1.2
1950.083333,NaN,NaN,0.267498829,NaN,NaN,NaN,NaN,NaN,NaN,0.963558185,NaN,1.3
1950.166667,NaN,NaN,0.169967143,NaN,NaN,NaN,NaN,NaN,NaN,0.98544973,NaN,1.4
1950.25,NaN,NaN,0.070737202,NaN,NaN,NaN,NaN,NaN,NaN,0.997494987,NaN,1.5
1950.333333,NaN,NaN,-0.029199522,NaN,NaN,NaN,NaN,NaN,NaN,0.999573603,NaN,1.6
1950.416667,NaN,NaN,-0.128844494,NaN,NaN,NaN,NaN,NaN,NaN,0.99166481,NaN,1.7
1950.5,NaN,NaN,-0.227202095,NaN,NaN,NaN,NaN,NaN,NaN,0.973847631,NaN,1.8
1950.583333,NaN,NaN,-0.323289567,NaN,NaN,NaN,NaN,NaN,NaN,0.946300088,NaN,1.9
1950.666667,NaN,NaN,-0.416146837,NaN,NaN,NaN,NaN,NaN,NaN,0.909297427,NaN,2
1950.75,NaN,NaN,-0.504846105,NaN,NaN,NaN,NaN,NaN,NaN,0.863209367,NaN,2.1
1950.833333,NaN,NaN,-0.588501117,NaN,NaN,NaN,NaN,NaN,NaN,0.808496404,NaN,2.2
1950.916667,NaN,NaN,-0.666276021,NaN,NaN,NaN,NaN,NaN,NaN,0.745705212,NaN,2.3
1951,NaN,NaN,-0.737393716,NaN,NaN,NaN,NaN,NaN,NaN,0.675463181,NaN,2.4
1951.083333,NaN,NaN,-0.801143616,NaN,NaN,NaN,NaN,NaN,NaN,0.598472144,NaN,2.5
1951.166667,NaN,NaN,-0.856888753,NaN,NaN,NaN,NaN,NaN,NaN,0.515501372,NaN,2.6
1951.25,NaN,NaN,-0.904072142,NaN,NaN,NaN,NaN,NaN,NaN,0.42737988,NaN,2.7
1951.333333,NaN,NaN,-0.942222341,NaN,NaN,NaN,NaN,NaN,NaN,0.33498815,NaN,2.8
1951.416667,NaN,NaN,-0.970958165,NaN,NaN,NaN,NaN,NaN,NaN,0.239249329,NaN,2.9
1951.5,NaN,NaN,-0.989992497,NaN,NaN,NaN,NaN,NaN,NaN,0.141120008,NaN,3
1951.583333,NaN,NaN,-0.99913515,NaN,NaN,NaN,NaN,NaN,NaN,0.041580662,NaN,3.1
1951.666667,NaN,NaN,-0.998294776,NaN,NaN,NaN,NaN,NaN,NaN,-0.058374143,NaN,3.2
1951.75,NaN,NaN,-0.98747977,NaN,NaN,NaN,NaN,NaN,NaN,-0.157745694,NaN,3.3
1951.833333,NaN,NaN,-0.966798193,NaN,NaN,NaN,NaN,NaN,NaN,-0.255541102,NaN,3.4
1951.916667,NaN,NaN,-0.936456687,NaN,NaN,NaN,NaN,NaN,NaN,-0.350783228,NaN,3.5
1952,NaN,NaN,-0.896758416,NaN,NaN,NaN,NaN,NaN,NaN,-0.442520443,NaN,3.6
1952.083333,NaN,NaN,-0.848100032,NaN,NaN,NaN,NaN,NaN,NaN,-0.529836141,NaN,3.7
1952.166667,NaN,NaN,-0.790967712,NaN,NaN,NaN,NaN,NaN,NaN,-0.611857891,NaN,3.8
1952.25,NaN,NaN,-0.725932304,NaN,NaN,NaN,NaN,NaN,NaN,-0.687766159,NaN,3.9
1952.333333,NaN,NaN,-0.653643621,NaN,NaN,NaN,NaN,NaN,NaN,-0.756802495,NaN,4
1952.416667,NaN,NaN,-0.574823947,NaN,NaN,NaN,NaN,NaN,NaN,-0.818277111,NaN,4.1
1952.5,NaN,NaN,-0.490260821,NaN,NaN,NaN,NaN,NaN,NaN,-0.871575772,NaN,4.2
1952.583333,NaN,NaN,-0.400799172,NaN,NaN,NaN,NaN,NaN,NaN,-0.916165937,NaN,4.3
1952.666667,NaN,NaN,-0.30733287,NaN,NaN,NaN,NaN,NaN,NaN,-0.951602074,NaN,4.4
1952.75,NaN,NaN,-0.210795799,NaN,NaN,NaN,NaN,NaN,NaN,-0.977530118,NaN,4.5
1952.833333,NaN,NaN,-0.112152527,NaN,NaN,NaN,NaN,NaN,NaN,-0.993691004,NaN,4.6
1952.916667,NaN,NaN,-0.012388663,NaN,NaN,NaN,NaN,NaN,NaN,-0.999923258,NaN,4.7
1953,NaN,NaN,0.087498983,NaN,NaN,NaN,NaN,NaN,NaN,-0.996164609,NaN,4.8
1953.083333,NaN,NaN,0.186512369,NaN,NaN,NaN,NaN,NaN,NaN,-0.982452613,NaN,4.9
1953.166667,NaN,NaN,0.283662185,NaN,NaN,NaN,NaN,NaN,NaN,-0.958924275,NaN,5
1953.25,NaN,NaN,0.377977743,NaN,NaN,NaN,NaN,NaN,NaN,-0.925814682,NaN,5.1
1953.333333,NaN,NaN,0.468516671,NaN,NaN,NaN,NaN,NaN,NaN,-0.883454656,NaN,5.2
1953.416667,NaN,NaN,0.554374336,NaN,NaN,NaN,NaN,NaN,NaN,-0.832267442,NaN,5.3
1953.5,NaN,NaN,0.634692876,NaN,NaN,NaN,NaN,NaN,NaN,-0.772764488,NaN,5.4
1953.583333,NaN,NaN,0.708669774,NaN,NaN,NaN,NaN,NaN,NaN,-0.705540326,NaN,5.5
1953.666667,NaN,NaN,0.775565879,NaN,NaN,NaN,NaN,NaN,NaN,-0.631266638,NaN,5.6
1953.75,NaN,NaN,0.834712785,NaN,NaN,NaN,NaN,NaN,NaN,-0.550685543,NaN,5.7
1953.833333,NaN,NaN,0.885519517,NaN,NaN,NaN,NaN,NaN,NaN,-0.464602179,NaN,5.8
1953.916667,NaN,NaN,0.927478431,NaN,NaN,NaN,NaN,NaN,NaN,-0.373876665,NaN,5.9
1954,NaN,NaN,0.960170287,NaN,NaN,NaN,NaN,NaN,NaN,-0.279415498,NaN,6
1954.083333,NaN,NaN,0.983268438,NaN,NaN,NaN,NaN,NaN,NaN,-0.182162504,NaN,6.1
1954.166667,NaN,NaN,0.996542097,NaN,NaN,NaN,NaN,NaN,NaN,-0.083089403,NaN,6.2
1954.25,NaN,NaN,0.999858636,NaN,NaN,NaN,NaN,NaN,NaN,0.0168139,NaN,6.3
1954.333333,NaN,NaN,0.993184919,NaN,NaN,NaN,NaN,NaN,NaN,0.116549205,NaN,6.4
1954.416667,NaN,NaN,0.976587626,NaN,NaN,NaN,NaN,NaN,NaN,0.215119988,NaN,6.5
1954.5,NaN,NaN,0.950232592,NaN,NaN,NaN,NaN,NaN,NaN,0.311541364,NaN,6.6
1954.583333,NaN,NaN,0.914383148,NaN,NaN,NaN,NaN,NaN,NaN,0.404849921,NaN,6.7
1954.666667,NaN,NaN,0.86939749,NaN,NaN,NaN,NaN,NaN,NaN,0.494113351,NaN,6.8
1954.75,NaN,NaN,0.8157251,NaN,NaN,NaN,NaN,NaN,NaN,0.578439764,NaN,6.9
1954.833333,NaN,NaN,0.753902254,NaN,NaN,NaN,NaN,NaN,NaN,0.656986599,NaN,7
1954.916667,NaN,NaN,0.684546666,NaN,NaN,NaN,NaN,NaN,NaN,0.72896904,NaN,7.1
1955,NaN,NaN,0.608351315,NaN,NaN,NaN,NaN,NaN,NaN,0.793667864,NaN,7.2
1955.083333,NaN,NaN,0.526077517,NaN,NaN,NaN,NaN,NaN,NaN,0.850436621,NaN,7.3
1955.166667,NaN,NaN,0.438547328,NaN,NaN,NaN,NaN,NaN,NaN,0.898708096,NaN,7.4
1955.25,NaN,NaN,0.346635318,NaN,NaN,NaN,NaN,NaN,NaN,0.937999977,NaN,7.5
1955.333333,NaN,NaN,0.251259843,NaN,NaN,NaN,NaN,NaN,NaN,0.967919672,NaN,7.6
1955.416667,NaN,NaN,0.153373862,NaN,NaN,NaN,NaN,NaN,NaN,0.988168234,NaN,7.7
1955.5,NaN,NaN,0.053955421,NaN,NaN,NaN,NaN,NaN,NaN,0.998543345,NaN,7.8
1955.583333,NaN,NaN,-0.046002126,NaN,NaN,NaN,NaN,NaN,NaN,0.998941342,NaN,7.9
1955.666667,NaN,NaN,-0.145500034,NaN,NaN,NaN,NaN,NaN,NaN,0.989358247,NaN,8
1955.75,NaN,NaN,-0.243544154,NaN,NaN,NaN,NaN,NaN,NaN,0.969889811,NaN,8.1
1955.833333,NaN,NaN,-0.339154861,NaN,NaN,NaN,NaN,NaN,NaN,0.940730557,NaN,8.2
1955.916667,NaN,NaN,-0.431376845,NaN,NaN,NaN,NaN,NaN,NaN,0.902171834,NaN,8.3
1956,NaN,NaN,-0.519288654,NaN,NaN,NaN,NaN,NaN,NaN,0.854598908,NaN,8.4
1956.083333,NaN,NaN,-0.602011903,NaN,NaN,NaN,NaN,NaN,NaN,0.798487113,NaN,8.5
1956.166667,NaN,NaN,-0.678720047,NaN,NaN,NaN,NaN,NaN,NaN,0.734397098,NaN,8.6
1956.25,NaN,NaN,-0.748646646,NaN,NaN,NaN,NaN,NaN,NaN,0.66296923,NaN,8.7
1956.333333,NaN,NaN,-0.811093014,NaN,NaN,NaN,NaN,NaN,NaN,0.584917193,NaN,8.8
1956.416667,NaN,NaN,-0.865435209,NaN,NaN,NaN,NaN,NaN,NaN,0.501020856,NaN,8.9
1956.5,NaN,NaN,-0.911130262,NaN,NaN,NaN,NaN,NaN,NaN,0.412118485,NaN,9
1956.583333,NaN,NaN,-0.947721602,NaN,NaN,NaN,NaN,NaN,NaN,0.319098362,NaN,9.1
1956.666667,NaN,NaN,-0.974843621,NaN,NaN,NaN,NaN,NaN,NaN,0.222889914,NaN,9.2
1956.75,NaN,NaN,-0.992225325,NaN,NaN,NaN,NaN,NaN,NaN,0.124454424,NaN,9.3
1956.833333,NaN,NaN,-0.999693042,NaN,NaN,NaN,NaN,NaN,NaN,0.024775425,NaN,9.4
1956.916667,NaN,NaN,-0.997172156,NaN,NaN,NaN,NaN,NaN,NaN,-0.07515112,NaN,9.5
1957,NaN,NaN,-0.984687856,NaN,NaN,NaN,NaN,NaN,NaN,-0.174326781,NaN,9.6
1957.083333,NaN,NaN,-0.96236488,NaN,NaN,NaN,NaN,NaN,NaN,-0.271760626,NaN,9.7
1957.166667,NaN,NaN,-0.930426272,NaN,NaN,NaN,NaN,NaN,NaN,-0.366479129,NaN,9.8
1957.25,NaN,NaN,-0.889191153,NaN,NaN,NaN,NaN,NaN,NaN,-0.457535894,NaN,9.9
1957.333333,NaN,NaN,-0.839071529,NaN,NaN,NaN,NaN,NaN,NaN,-0.544021111,NaN,10
1957.416667,NaN,NaN,-0.78056818,NaN,NaN,NaN,NaN,NaN,NaN,-0.625070649,NaN,10.1
1957.5,NaN,NaN,-0.714265652,NaN,NaN,NaN,NaN,NaN,NaN,-0.699874688,NaN,10.2
1957.583333,NaN,NaN,-0.640826418,NaN,NaN,NaN,NaN,NaN,NaN,-0.76768581,NaN,10.3
1957.666667,NaN,NaN,-0.560984257,NaN,NaN,NaN,NaN,NaN,NaN,-0.827826469,NaN,10.4
1957.75,NaN,NaN,-0.475536928,NaN,NaN,NaN,NaN,NaN,NaN,-0.87969576,NaN,10.5
1957.833333,NaN,NaN,-0.385338191,NaN,NaN,NaN,NaN,NaN,NaN,-0.922775422,NaN,10.6
1957.916667,NaN,NaN,-0.291289282,NaN,NaN,NaN,NaN,NaN,NaN,-0.956635016,NaN,10.7
1958,NaN,NaN,-0.194329906,NaN,NaN,NaN,NaN,NaN,NaN,-0.98093623,NaN,10.8
1958.083333,NaN,NaN,-0.095428851,NaN,NaN,NaN,NaN,NaN,NaN,-0.995436253,NaN,10.9
1958.166667,NaN,NaN,0.004425698,NaN,NaN,NaN,NaN,NaN,NaN,-0.999990207,NaN,11
1958.25,NaN,NaN,0.104236027,NaN,NaN,NaN,NaN,NaN,NaN,-0.994552588,NaN,11.1
1958.333333,NaN,NaN,0.203004864,NaN,NaN,NaN,NaN,NaN,NaN,-0.979177729,NaN,11.2
1958.416667,NaN,NaN,0.299745343,NaN,NaN,NaN,NaN,NaN,NaN,-0.95401925,NaN,11.3
1958.5,NaN,NaN,0.393490866,NaN,NaN,NaN,NaN,NaN,NaN,-0.919328526,NaN,11.4
1958.583333,NaN,NaN,0.483304759,NaN,NaN,NaN,NaN,NaN,NaN,-0.875452175,NaN,11.5
1958.666667,NaN,NaN,0.56828963,NaN,NaN,NaN,NaN,NaN,NaN,-0.822828595,NaN,11.6
1958.75,NaN,NaN,0.647596339,NaN,NaN,NaN,NaN,NaN,NaN,-0.761983584,NaN,11.7
1958.833333,NaN,NaN,0.720432479,NaN,NaN,NaN,NaN,NaN,NaN,-0.693525085,NaN,11.8
1958.916667,NaN,NaN,0.786070296,NaN,NaN,NaN,NaN,NaN,NaN,-0.618137112,NaN,11.9
1959,NaN,NaN,0.843853959,NaN,NaN,NaN,NaN,NaN,NaN,-0.536572918,NaN,12
1959.083333,NaN,NaN,0.893206112,NaN,NaN,NaN,NaN,NaN,NaN,-0.449647465,NaN,12.1
1959.166667,NaN,NaN,0.933633644,NaN,NaN,NaN,NaN,NaN,NaN,-0.358229282,NaN,12.2
1959.25,NaN,NaN,0.964732618,NaN,NaN,NaN,NaN,NaN,NaN,-0.263231791,NaN,12.3
1959.333333,NaN,NaN,0.986192302,NaN,NaN,NaN,NaN,NaN,NaN,-0.165604175,NaN,12.4
1959.416667,NaN,NaN,0.997798279,NaN,NaN,NaN,NaN,NaN,NaN,-0.066321897,NaN,12.5
1959.5,NaN,NaN,0.999434586,NaN,NaN,NaN,NaN,NaN,NaN,0.033623047,NaN,12.6
1959.583333,NaN,NaN,0.991084872,NaN,NaN,NaN,NaN,NaN,NaN,0.133232041,NaN,12.7
1959.666667,NaN,NaN,0.972832566,NaN,NaN,NaN,NaN,NaN,NaN,0.231509825,NaN,12.8
1959.75,NaN,NaN,0.944860038,NaN,NaN,NaN,NaN,NaN,NaN,0.327474439,NaN,12.9
1959.833333,NaN,NaN,0.907446781,NaN,NaN,NaN,NaN,NaN,NaN,0.420167037,NaN,13
1959.916667,NaN,NaN,0.860966616,NaN,NaN,NaN,NaN,NaN,NaN,0.508661464,NaN,13.1
1960,NaN,NaN,0.805883958,NaN,NaN,NaN,NaN,NaN,NaN,0.592073515,NaN,13.2
1960.083333,NaN,NaN,0.742749173,NaN,NaN,NaN,NaN,NaN,NaN,0.669569762,NaN,13.3
1960.166667,NaN,NaN,0.672193084,NaN,NaN,NaN,NaN,NaN,NaN,0.74037589,NaN,13.4
1960.25,NaN,NaN,0.594920663,NaN,NaN,NaN,NaN,NaN,NaN,0.803784427,NaN,13.5
1960.333333,NaN,NaN,0.511703992,NaN,NaN,NaN,NaN,NaN,NaN,0.859161815,NaN,13.6
1960.416667,NaN,NaN,0.423374544,NaN,NaN,NaN,NaN,NaN,NaN,0.905954742,NaN,13.7
1960.5,NaN,NaN,0.330814878,NaN,NaN,NaN,NaN,NaN,NaN,0.943695669,NaN,13.8
1960.583333,NaN,NaN,0.234949819,NaN,NaN,NaN,NaN,NaN,NaN,0.972007501,NaN,13.9
1960.666667,NaN,NaN,0.136737218,NaN,NaN,NaN,NaN,NaN,NaN,0.990607356,NaN,14
1960.75,NaN,NaN,0.037158385,NaN,NaN,NaN,NaN,NaN,NaN,0.999309389,NaN,14.1
1960.833333,NaN,NaN,-0.062791723,NaN,NaN,NaN,NaN,NaN,NaN,0.998026653,NaN,14.2
1960.916667,NaN,NaN,-0.162114436,NaN,NaN,NaN,NaN,NaN,NaN,0.986771964,NaN,14.3
1961,NaN,NaN,-0.259817356,NaN,NaN,NaN,NaN,NaN,NaN,0.965657777,NaN,14.4
1961.083333,NaN,NaN,-0.354924267,NaN,NaN,NaN,NaN,NaN,NaN,0.934895056,NaN,14.5
1961.166667,NaN,NaN,-0.446484891,NaN,NaN,NaN,NaN,NaN,NaN,0.894791172,NaN,14.6
1961.25,NaN,NaN,-0.533584387,NaN,NaN,NaN,NaN,NaN,NaN,0.845746831,NaN,14.7
1961.333333,NaN,NaN,-0.615352483,NaN,NaN,NaN,NaN,NaN,NaN,0.788252067,NaN,14.8
1961.416667,NaN,NaN,-0.690972181,NaN,NaN,NaN,NaN,NaN,NaN,0.72288135,NaN,14.9
1961.5,NaN,NaN,-0.759687913,NaN,NaN,NaN,NaN,NaN,NaN,0.65028784,NaN,15
1961.583333,NaN,NaN,-0.820813094,NaN,NaN,NaN,NaN,NaN,NaN,0.57119687,NaN,15.1
1961.666667,NaN,NaN,-0.873736983,NaN,NaN,NaN,NaN,NaN,NaN,0.486398689,NaN,15.2
1961.75,NaN,NaN,-0.91793078,NaN,NaN,NaN,NaN,NaN,NaN,0.396740573,NaN,15.3
1961.833333,NaN,NaN,-0.952952917,NaN,NaN,NaN,NaN,NaN,NaN,0.303118357,NaN,15.4
1961.916667,NaN,NaN,-0.978453463,NaN,NaN,NaN,NaN,NaN,NaN,0.206467482,NaN,15.5
1962,NaN,NaN,-0.994177625,NaN,NaN,NaN,NaN,NaN,NaN,0.107753652,NaN,15.6
1962.083333,NaN,NaN,-0.999968293,NaN,NaN,NaN,NaN,NaN,NaN,0.007963184,NaN,15.7
1962.166667,NaN,NaN,-0.995767609,NaN,NaN,NaN,NaN,NaN,NaN,-0.09190685,NaN,15.8
1962.25,NaN,NaN,-0.981617544,NaN,NaN,NaN,NaN,NaN,NaN,-0.190858581,NaN,15.9
1962.333333,NaN,NaN,-0.95765948,NaN,NaN,NaN,NaN,NaN,NaN,-0.287903317,NaN,16
1962.416667,NaN,NaN,-0.9241328,NaN,NaN,NaN,NaN,NaN,NaN,-0.382071417,NaN,16.1
1962.5,NaN,NaN,-0.88137249,NaN,NaN,NaN,NaN,NaN,NaN,-0.472421986,NaN,16.2
1962.583333,NaN,NaN,-0.829805798,NaN,NaN,NaN,NaN,NaN,NaN,-0.558052271,NaN,16.3
1962.666667,NaN,NaN,-0.769947961,NaN,NaN,NaN,NaN,NaN,NaN,-0.638106682,NaN,16.4
1962.75,NaN,NaN,-0.702397058,NaN,NaN,NaN,NaN,NaN,NaN,-0.711785342,NaN,16.5
1962.833333,NaN,NaN,-0.627828035,NaN,NaN,NaN,NaN,NaN,NaN,-0.778352079,NaN,16.6
1962.916667,NaN,NaN,-0.546985963,NaN,NaN,NaN,NaN,NaN,NaN,-0.837141778,NaN,16.7
1963,NaN,NaN,-0.460678587,NaN,NaN,NaN,NaN,NaN,NaN,-0.887567034,NaN,16.8
1963.083333,NaN,NaN,-0.369768264,NaN,NaN,NaN,NaN,NaN,NaN,-0.929124013,NaN,16.9
1963.166667,NaN,NaN,-0.275163338,NaN,NaN,NaN,NaN,NaN,NaN,-0.961397492,NaN,17
1963.25,NaN,NaN,-0.177809071,NaN,NaN,NaN,NaN,NaN,NaN,-0.984065005,NaN,17.1
1963.333333,NaN,NaN,-0.078678195,NaN,NaN,NaN,NaN,NaN,NaN,-0.996900066,NaN,17.2
1963.416667,NaN,NaN,0.021238808,NaN,NaN,NaN,NaN,NaN,NaN,-0.999774431,NaN,17.3
1963.5,NaN,NaN,0.1209436,NaN,NaN,NaN,NaN,NaN,NaN,-0.99265938,NaN,17.4
1963.583333,NaN,NaN,0.219439963,NaN,NaN,NaN,NaN,NaN,NaN,-0.975626005,NaN,17.5
1963.666667,NaN,NaN,0.315743755,NaN,NaN,NaN,NaN,NaN,NaN,-0.948844498,NaN,17.6
1963.75,NaN,NaN,0.408892739,NaN,NaN,NaN,NaN,NaN,NaN,-0.91258245,NaN,17.7
1963.833333,NaN,NaN,0.497956203,NaN,NaN,NaN,NaN,NaN,NaN,-0.867202179,NaN,17.8
1963.916667,NaN,NaN,0.582044252,NaN,NaN,NaN,NaN,NaN,NaN,-0.813157112,NaN,17.9
1964,NaN,NaN,0.660316708,NaN,NaN,NaN,NaN,NaN,NaN,-0.750987247,NaN,18
1964.083333,NaN,NaN,0.731991498,NaN,NaN,NaN,NaN,NaN,NaN,-0.681313766,NaN,18.1
1964.166667,NaN,NaN,0.79635247,NaN,NaN,NaN,NaN,NaN,NaN,-0.604832822,NaN,18.2
1964.25,NaN,NaN,0.852756552,NaN,NaN,NaN,NaN,NaN,NaN,-0.52230859,NaN,18.3
1964.333333,NaN,NaN,0.900640172,NaN,NaN,NaN,NaN,NaN,NaN,-0.434565622,NaN,18.4
1964.416667,NaN,NaN,0.939524894,NaN,NaN,NaN,NaN,NaN,NaN,-0.342480618,NaN,18.5
1964.5,NaN,NaN,0.969022193,NaN,NaN,NaN,NaN,NaN,NaN,-0.246973662,NaN,18.6
1964.583333,NaN,NaN,0.988837343,NaN,NaN,NaN,NaN,NaN,NaN,-0.148999026,NaN,18.7
1964.666667,NaN,NaN,0.998772357,NaN,NaN,NaN,NaN,NaN,NaN,-0.049535641,NaN,18.8
1964.75,NaN,NaN,0.998727967,NaN,NaN,NaN,NaN,NaN,NaN,0.050422688,NaN,18.9
1964.833333,NaN,NaN,0.988704618,NaN,NaN,NaN,NaN,NaN,NaN,0.14987721,NaN,19
1964.916667,NaN,NaN,0.968802459,NaN,NaN,NaN,NaN,NaN,NaN,0.247834208,NaN,19.1
1965,NaN,NaN,0.939220347,NaN,NaN,NaN,NaN,NaN,NaN,0.343314929,NaN,19.2
1965.083333,NaN,NaN,0.900253855,NaN,NaN,NaN,NaN,NaN,NaN,0.43536536,NaN,19.3
1965.166667,NaN,NaN,0.852292324,NaN,NaN,NaN,NaN,NaN,NaN,0.523065765,NaN,19.4
1965.25,NaN,NaN,0.79581497,NaN,NaN,NaN,NaN,NaN,NaN,0.60553987,NaN,19.5
1965.333333,NaN,NaN,0.731386096,NaN,NaN,NaN,NaN,NaN,NaN,0.68196362,NaN,19.6
1965.416667,NaN,NaN,0.659649453,NaN,NaN,NaN,NaN,NaN,NaN,0.751573415,NaN,19.7
1965.5,NaN,NaN,0.581321812,NaN,NaN,NaN,NaN,NaN,NaN,0.813673738,NaN,19.8
1965.583333,NaN,NaN,0.497185795,NaN,NaN,NaN,NaN,NaN,NaN,0.867644101,NaN,19.9
1965.666667,NaN,NaN,0.408082062,NaN,NaN,NaN,NaN,NaN,NaN,0.912945251,NaN,20
1965.75,NaN,NaN,0.314900908,NaN,NaN,NaN,NaN,NaN,NaN,0.949124554,NaN,20.1
1965.833333,NaN,NaN,0.218573368,NaN,NaN,NaN,NaN,NaN,NaN,0.975820518,NaN,20.2
1965.916667,NaN,NaN,0.120061915,NaN,NaN,NaN,NaN,NaN,NaN,0.992766406,NaN,20.3
1966,NaN,NaN,0.020350843,NaN,NaN,NaN,NaN,NaN,NaN,0.9997929,NaN,20.4
1966.083333,NaN,NaN,-0.079563567,NaN,NaN,NaN,NaN,NaN,NaN,0.996829794,NaN,20.5
1966.166667,NaN,NaN,-0.178683005,NaN,NaN,NaN,NaN,NaN,NaN,0.983906695,NaN,20.6
1966.25,NaN,NaN,-0.276017101,NaN,NaN,NaN,NaN,NaN,NaN,0.961152725,NaN,20.7
1966.333333,NaN,NaN,-0.370593326,NaN,NaN,NaN,NaN,NaN,NaN,0.928795234,NaN,20.8
1966.416667,NaN,NaN,-0.461466704,NaN,NaN,NaN,NaN,NaN,NaN,0.887157529,NaN,20.9
1966.5,NaN,NaN,-0.54772926,NaN,NaN,NaN,NaN,NaN,NaN,0.836655639,NaN,21
1966.583333,NaN,NaN,-0.628519086,NaN,NaN,NaN,NaN,NaN,NaN,0.777794162,NaN,21.1
1966.666667,NaN,NaN,-0.703028957,NaN,NaN,NaN,NaN,NaN,NaN,0.711161223,NaN,21.2
1966.75,NaN,NaN,-0.770514396,NaN,NaN,NaN,NaN,NaN,NaN,0.637422596,NaN,21.3
1966.833333,NaN,NaN,-0.830301109,NaN,NaN,NaN,NaN,NaN,NaN,0.557315054,NaN,21.4
1966.916667,NaN,NaN,-0.881791728,NaN,NaN,NaN,NaN,NaN,NaN,0.471639003,NaN,21.5
1967,NaN,NaN,-0.924471775,NaN,NaN,NaN,NaN,NaN,NaN,0.381250492,NaN,21.6
1967.083333,NaN,NaN,-0.957914806,NaN,NaN,NaN,NaN,NaN,NaN,0.287052651,NaN,21.7
1967.166667,NaN,NaN,-0.981786669,NaN,NaN,NaN,NaN,NaN,NaN,0.189986676,NaN,21.8
1967.25,NaN,NaN,-0.995848844,NaN,NaN,NaN,NaN,NaN,NaN,0.091022416,NaN,21.9
1967.333333,NaN,NaN,-0.999960826,NaN,NaN,NaN,NaN,NaN,NaN,-0.008851309,NaN,22
1967.416667,NaN,NaN,-0.994081531,NaN,NaN,NaN,NaN,NaN,NaN,-0.108636595,NaN,22.1
1967.5,NaN,NaN,-0.978269701,NaN,NaN,NaN,NaN,NaN,NaN,-0.207336421,NaN,22.2
1967.583333,NaN,NaN,-0.952683324,NaN,NaN,NaN,NaN,NaN,NaN,-0.303964609,NaN,22.3
1967.666667,NaN,NaN,-0.917578051,NaN,NaN,NaN,NaN,NaN,NaN,-0.397555683,NaN,22.4
1967.75,NaN,NaN,-0.87330464,NaN,NaN,NaN,NaN,NaN,NaN,-0.487174512,NaN,22.5
1967.833333,NaN,NaN,-0.820305458,NaN,NaN,NaN,NaN,NaN,NaN,-0.571925655,NaN,22.6
1967.916667,NaN,NaN,-0.759110056,NaN,NaN,NaN,NaN,NaN,NaN,-0.650962306,NaN,22.7
1968,NaN,NaN,-0.690329876,NaN,NaN,NaN,NaN,NaN,NaN,-0.723494756,NaN,22.8
1968.083333,NaN,NaN,-0.614652149,NaN,NaN,NaN,NaN,NaN,NaN,-0.788798286,NaN,22.9
1968.166667,NaN,NaN,-0.53283302,NaN,NaN,NaN,NaN,NaN,NaN,-0.846220404,NaN,23
1968.25,NaN,NaN,-0.44569,NaN,NaN,NaN,NaN,NaN,NaN,-0.895187368,NaN,23.1
1968.333333,NaN,NaN,-0.354093793,NaN,NaN,NaN,NaN,NaN,NaN,-0.935209915,NaN,23.2
1968.416667,NaN,NaN,-0.258959598,NaN,NaN,NaN,NaN,NaN,NaN,-0.965888154,NaN,23.3
1968.5,NaN,NaN,-0.161237964,NaN,NaN,NaN,NaN,NaN,NaN,-0.986915558,NaN,23.4
1968.583333,NaN,NaN,-0.061905294,NaN,NaN,NaN,NaN,NaN,NaN,-0.998082028,NaN,23.5
1968.666667,NaN,NaN,0.038045914,NaN,NaN,NaN,NaN,NaN,NaN,-0.999275992,NaN,23.6
1968.75,NaN,NaN,0.137616979,NaN,NaN,NaN,NaN,NaN,NaN,-0.990485521,NaN,23.7
1968.833333,NaN,NaN,0.235813021,NaN,NaN,NaN,NaN,NaN,NaN,-0.971798446,NaN,23.8
1968.916667,NaN,NaN,0.331652897,NaN,NaN,NaN,NaN,NaN,NaN,-0.943401482,NaN,23.9
1969,NaN,NaN,0.424179007,NaN,NaN,NaN,NaN,NaN,NaN,-0.905578362,NaN,24
1969.083333,NaN,NaN,0.512466861,NaN,NaN,NaN,NaN,NaN,NaN,-0.858707003,NaN,24.1
1969.166667,NaN,NaN,0.595634315,NaN,NaN,NaN,NaN,NaN,NaN,-0.803255727,NaN,24.2
1969.25,NaN,NaN,0.672850388,NaN,NaN,NaN,NaN,NaN,NaN,-0.739778585,NaN,24.3
1969.333333,NaN,NaN,0.743343563,NaN,NaN,NaN,NaN,NaN,NaN,-0.66890982,NaN,24.4
1969.416667,NaN,NaN,0.806409494,NaN,NaN,NaN,NaN,NaN,NaN,-0.59135753,NaN,24.5
1969.5,NaN,NaN,0.861418048,NaN,NaN,NaN,NaN,NaN,NaN,-0.50789659,NaN,24.6
1969.583333,NaN,NaN,0.907819598,NaN,NaN,NaN,NaN,NaN,NaN,-0.419360916,NaN,24.7
1969.666667,NaN,NaN,0.945150514,NaN,NaN,NaN,NaN,NaN,NaN,-0.326635126,NaN,24.8
1969.75,NaN,NaN,0.973037799,NaN,NaN,NaN,NaN,NaN,NaN,-0.230645706,NaN,24.9
1969.833333,NaN,NaN,0.991202812,NaN,NaN,NaN,NaN,NaN,NaN,-0.13235175,NaN,25
1969.916667,NaN,NaN,0.999464054,NaN,NaN,NaN,NaN,NaN,NaN,-0.032735379,NaN,25.1
1970,NaN,NaN,0.997738981,NaN,NaN,NaN,NaN,NaN,NaN,0.067208073,NaN,25.2
1970.083333,NaN,NaN,0.986044831,NaN,NaN,NaN,NaN,NaN,NaN,0.166480004,NaN,25.3
1970.166667,NaN,NaN,0.964498446,NaN,NaN,NaN,NaN,NaN,NaN,0.264088521,NaN,25.4
1970.25,NaN,NaN,0.933315112,NaN,NaN,NaN,NaN,NaN,NaN,0.359058354,NaN,25.5
1970.333333,NaN,NaN,0.892806402,NaN,NaN,NaN,NaN,NaN,NaN,0.450440594,NaN,25.6
1970.416667,NaN,NaN,0.843377065,NaN,NaN,NaN,NaN,NaN,NaN,0.537322181,NaN,25.7
1970.5,NaN,NaN,0.785520983,NaN,NaN,NaN,NaN,NaN,NaN,0.618835022,NaN,25.8
1970.583333,NaN,NaN,0.719816236,NaN,NaN,NaN,NaN,NaN,NaN,0.694164668,NaN,25.9
1970.666667,NaN,NaN,0.646919322,NaN,NaN,NaN,NaN,NaN,NaN,0.76255845,NaN,26
1970.75,NaN,NaN,0.567558605,NaN,NaN,NaN,NaN,NaN,NaN,0.823333001,NaN,26.1
1970.833333,NaN,NaN,0.482527029,NaN,NaN,NaN,NaN,NaN,NaN,0.87588108,NaN,26.2
1970.916667,NaN,NaN,0.392674203,NaN,NaN,NaN,NaN,NaN,NaN,0.919677645,NaN,26.3
1971,NaN,NaN,0.298897906,NaN,NaN,NaN,NaN,NaN,NaN,0.954285094,NaN,26.4
1971.083333,NaN,NaN,0.20213512,NaN,NaN,NaN,NaN,NaN,NaN,0.979357643,NaN,26.5
1971.166667,NaN,NaN,0.103352667,NaN,NaN,NaN,NaN,NaN,NaN,0.994644774,NaN,26.6
1971.25,NaN,NaN,0.003537548,NaN,NaN,NaN,NaN,NaN,NaN,0.999993743,NaN,26.7
1971.333333,NaN,NaN,-0.096312917,NaN,NaN,NaN,NaN,NaN,NaN,0.995351105,NaN,26.8
1971.416667,NaN,NaN,-0.195201055,NaN,NaN,NaN,NaN,NaN,NaN,0.980763248,NaN,26.9
1971.5,NaN,NaN,-0.292138809,NaN,NaN,NaN,NaN,NaN,NaN,0.956375928,NaN,27
1971.583333,NaN,NaN,-0.386157608,NaN,NaN,NaN,NaN,NaN,NaN,0.922432817,NaN,27.1
1971.666667,NaN,NaN,-0.476318048,NaN,NaN,NaN,NaN,NaN,NaN,0.879273062,NaN,27.2
1971.75,NaN,NaN,-0.561719276,NaN,NaN,NaN,NaN,NaN,NaN,0.827327901,NaN,27.3
1971.833333,NaN,NaN,-0.64150799,NaN,NaN,NaN,NaN,NaN,NaN,0.767116353,NaN,27.4
1971.916667,NaN,NaN,-0.714886969,NaN,NaN,NaN,NaN,NaN,NaN,0.699240032,NaN,27.5
1972,NaN,NaN,-0.781123033,NaN,NaN,NaN,NaN,NaN,NaN,0.624377135,NaN,27.6
1972.083333,NaN,NaN,-0.839554374,NaN,NaN,NaN,NaN,NaN,NaN,0.543275669,NaN,27.7
1972.166667,NaN,NaN,-0.889597166,NaN,NaN,NaN,NaN,NaN,NaN,0.456745972,NaN,27.8
1972.25,NaN,NaN,-0.930751396,NaN,NaN,NaN,NaN,NaN,NaN,0.36565262,NaN,27.9
1972.333333,NaN,NaN,-0.962605866,NaN,NaN,NaN,NaN,NaN,NaN,0.270905788,NaN,28
1972.416667,NaN,NaN,-0.984842297,NaN,NaN,NaN,NaN,NaN,NaN,0.173452155,NaN,28.1
1972.5,NaN,NaN,-0.997238509,NaN,NaN,NaN,NaN,NaN,NaN,0.074265446,NaN,28.2
1972.583333,NaN,NaN,-0.999670643,NaN,NaN,NaN,NaN,NaN,NaN,-0.0256633,NaN,28.3
1972.666667,NaN,NaN,-0.992114399,NaN,NaN,NaN,NaN,NaN,NaN,-0.125335626,NaN,28.4
1972.75,NaN,NaN,-0.974645276,NaN,NaN,NaN,NaN,NaN,NaN,-0.22375564,NaN,28.5
1972.833333,NaN,NaN,-0.947437819,NaN,NaN,NaN,NaN,NaN,NaN,-0.319939962,NaN,28.6
1972.916667,NaN,NaN,-0.910763877,NaN,NaN,NaN,NaN,NaN,NaN,-0.412927549,NaN,28.7
1973,NaN,NaN,-0.864989883,NaN,NaN,NaN,NaN,NaN,NaN,-0.501789301,NaN,28.8
1973.083333,NaN,NaN,-0.810573196,NaN,NaN,NaN,NaN,NaN,NaN,-0.58563734,NaN,28.9
1973.166667,NaN,NaN,-0.74805753,NaN,NaN,NaN,NaN,NaN,NaN,-0.663633884,NaN,29
1973.25,NaN,NaN,-0.67806752,NaN,NaN,NaN,NaN,NaN,NaN,-0.734999618,NaN,29.1
1973.333333,NaN,NaN,-0.601302483,NaN,NaN,NaN,NaN,NaN,NaN,-0.799021479,NaN,29.2
1973.416667,NaN,NaN,-0.518529431,NaN,NaN,NaN,NaN,NaN,NaN,-0.855059781,NaN,29.3
1973.5,NaN,NaN,-0.430575405,NaN,NaN,NaN,NaN,NaN,NaN,-0.902554608,NaN,29.4
1973.583333,NaN,NaN,-0.338319211,NaN,NaN,NaN,NaN,NaN,NaN,-0.941031408,NaN,29.5
1973.666667,NaN,NaN,-0.242682643,NaN,NaN,NaN,NaN,NaN,NaN,-0.970105734,NaN,29.6
1973.75,NaN,NaN,-0.144621271,NaN,NaN,NaN,NaN,NaN,NaN,-0.989487083,NaN,29.7
1973.833333,NaN,NaN,-0.045114891,NaN,NaN,NaN,NaN,NaN,NaN,-0.998981805,NaN,29.8
1973.916667,NaN,NaN,0.054842262,NaN,NaN,NaN,NaN,NaN,NaN,-0.998495031,NaN,29.9
1974,NaN,NaN,0.15425145,NaN,NaN,NaN,NaN,NaN,NaN,-0.988031624,NaN,30
1974.083333,NaN,NaN,0.252119408,NaN,NaN,NaN,NaN,NaN,NaN,-0.967696132,NaN,30.1
1974.166667,NaN,NaN,0.347468272,NaN,NaN,NaN,NaN,NaN,NaN,-0.93769174,NaN,30.2
1974.25,NaN,NaN,0.439345348,NaN,NaN,NaN,NaN,NaN,NaN,-0.898318243,NaN,30.3
1974.333333,NaN,NaN,0.526832631,NaN,NaN,NaN,NaN,NaN,NaN,-0.849969046,NaN,30.4
1974.416667,NaN,NaN,0.609055976,NaN,NaN,NaN,NaN,NaN,NaN,-0.793127239,NaN,30.5
1974.5,NaN,NaN,0.685193835,NaN,NaN,NaN,NaN,NaN,NaN,-0.728360768,NaN,30.6
1974.583333,NaN,NaN,0.754485464,NaN,NaN,NaN,NaN,NaN,NaN,-0.656316756,NaN,30.7
1974.666667,NaN,NaN,0.816238524,NaN,NaN,NaN,NaN,NaN,NaN,-0.577715044,NaN,30.8
1974.75,NaN,NaN,0.869835998,NaN,NaN,NaN,NaN,NaN,NaN,-0.493340995,NaN,30.9
1974.833333,NaN,NaN,0.914742358,NaN,NaN,NaN,NaN,NaN,NaN,-0.404037645,NaN,31
1974.916667,NaN,NaN,0.950508915,NaN,NaN,NaN,NaN,NaN,NaN,-0.310697285,NaN,31.1
1975,NaN,NaN,0.976778301,NaN,NaN,NaN,NaN,NaN,NaN,-0.21425254,NaN,31.2
1975.083333,NaN,NaN,0.993288041,NaN,NaN,NaN,NaN,NaN,NaN,-0.115667055,NaN,31.3
1975.166667,NaN,NaN,0.999873175,NaN,NaN,NaN,NaN,NaN,NaN,-0.015925863,NaN,31.4
1975.25,NaN,NaN,0.996467908,NaN,NaN,NaN,NaN,NaN,NaN,0.083974456,NaN,31.5
1975.333333,NaN,NaN,0.983106262,NaN,NaN,NaN,NaN,NaN,NaN,0.183035729,NaN,31.6
1975.416667,NaN,NaN,0.959921743,NaN,NaN,NaN,NaN,NaN,NaN,0.28026817,NaN,31.7
1975.5,NaN,NaN,0.927146004,NaN,NaN,NaN,NaN,NaN,NaN,0.374700264,NaN,31.8
1975.583333,NaN,NaN,0.885106528,NaN,NaN,NaN,NaN,NaN,NaN,0.465388476,NaN,31.9
1975.666667,NaN,NaN,0.834223361,NaN,NaN,NaN,NaN,NaN,NaN,0.551426681,NaN,32
1975.75,NaN,NaN,0.775004909,NaN,NaN,NaN,NaN,NaN,NaN,0.631955213,NaN,32.1
1975.833333,NaN,NaN,0.708042864,NaN,NaN,NaN,NaN,NaN,NaN,0.706169457,NaN,32.2
1975.916667,NaN,NaN,0.63400629,NaN,NaN,NaN,NaN,NaN,NaN,0.77332789,NaN,32.3
1976,NaN,NaN,0.553634934,NaN,NaN,NaN,NaN,NaN,NaN,0.832759485,NaN,32.4
1976.083333,NaN,NaN,0.46773184,NaN,NaN,NaN,NaN,NaN,NaN,0.883870424,NaN,32.5
1976.166667,NaN,NaN,0.377155325,NaN,NaN,NaN,NaN,NaN,NaN,0.926150021,NaN,32.6
1976.25,NaN,NaN,0.282810398,NaN,NaN,NaN,NaN,NaN,NaN,0.959175833,NaN,32.7
1976.333333,NaN,NaN,0.185639724,NaN,NaN,NaN,NaN,NaN,NaN,0.982617877,NaN,32.8
1976.416667,NaN,NaN,0.086614199,NaN,NaN,NaN,NaN,NaN,NaN,0.996241929,NaN,32.9
1976.5,NaN,NaN,-0.013276747,NaN,NaN,NaN,NaN,NaN,NaN,0.99991186,NaN,33
1976.583333,NaN,NaN,-0.113035036,NaN,NaN,NaN,NaN,NaN,NaN,0.993591003,NaN,33.1
1976.666667,NaN,NaN,-0.211663916,NaN,NaN,NaN,NaN,NaN,NaN,0.977342512,NaN,33.2
1976.75,NaN,NaN,-0.308177921,NaN,NaN,NaN,NaN,NaN,NaN,0.951328739,NaN,33.3
1976.833333,NaN,NaN,-0.401612713,NaN,NaN,NaN,NaN,NaN,NaN,0.915809603,NaN,33.4
1976.916667,NaN,NaN,-0.491034724,NaN,NaN,NaN,NaN,NaN,NaN,0.87114,NaN,33.5
1977,NaN,NaN,-0.575550478,NaN,NaN,NaN,NaN,NaN,NaN,0.817766255,NaN,33.6
1977.083333,NaN,NaN,-0.654315522,NaN,NaN,NaN,NaN,NaN,NaN,0.756221659,NaN,33.7
1977.166667,NaN,NaN,-0.726542862,NaN,NaN,NaN,NaN,NaN,NaN,0.687121146,NaN,33.8
1977.25,NaN,NaN,-0.791510826,NaN,NaN,NaN,NaN,NaN,NaN,0.611155146,NaN,33.9
1977.333333,NaN,NaN,-0.848570275,NaN,NaN,NaN,NaN,NaN,NaN,0.529082686,NaN,34
1977.416667,NaN,NaN,-0.89715109,NaN,NaN,NaN,NaN,NaN,NaN,0.441723807,NaN,34.1
1977.5,NaN,NaN,-0.936767868,NaN,NaN,NaN,NaN,NaN,NaN,0.349951369,NaN,34.2
1977.583333,NaN,NaN,-0.967024772,NaN,NaN,NaN,NaN,NaN,NaN,0.254682333,NaN,34.3
1977.666667,NaN,NaN,-0.987619483,NaN,NaN,NaN,NaN,NaN,NaN,0.156868595,NaN,34.4
1977.75,NaN,NaN,-0.998346227,NaN,NaN,NaN,NaN,NaN,NaN,0.057487478,NaN,34.5
1977.833333,NaN,NaN,-0.999097826,NaN,NaN,NaN,NaN,NaN,NaN,-0.042468035,NaN,34.6
1977.916667,NaN,NaN,-0.989866769,NaN,NaN,NaN,NaN,NaN,NaN,-0.141999221,NaN,34.7
1978,NaN,NaN,-0.970745291,NaN,NaN,NaN,NaN,NaN,NaN,-0.240111598,NaN,34.8
1978.083333,NaN,NaN,-0.941924447,NaN,NaN,NaN,NaN,NaN,NaN,-0.335824859,NaN,34.9
1978.166667,NaN,NaN,-0.903692205,NaN,NaN,NaN,NaN,NaN,NaN,-0.428182669,NaN,35
1978.25,NaN,NaN,-0.856430569,NaN,NaN,NaN,NaN,NaN,NaN,-0.51626222,NaN,35.1
1978.333333,NaN,NaN,-0.800611762,NaN,NaN,NaN,NaN,NaN,NaN,-0.599183449,NaN,35.2
1978.416667,NaN,NaN,-0.736793507,NaN,NaN,NaN,NaN,NaN,NaN,-0.676117835,NaN,35.3
1978.5,NaN,NaN,-0.665613455,NaN,NaN,NaN,NaN,NaN,NaN,-0.746296676,NaN,35.4
1978.583333,NaN,NaN,-0.587782814,NaN,NaN,NaN,NaN,NaN,NaN,-0.809018766,NaN,35.5
1978.666667,NaN,NaN,-0.50407924,NaN,NaN,NaN,NaN,NaN,NaN,-0.863657409,NaN,35.6
1978.75,NaN,NaN,-0.415339074,NaN,NaN,NaN,NaN,NaN,NaN,-0.909666672,NaN,35.7
1978.833333,NaN,NaN,-0.322448976,NaN,NaN,NaN,NaN,NaN,NaN,-0.946586846,NaN,35.8
1978.916667,NaN,NaN,-0.226337076,NaN,NaN,NaN,NaN,NaN,NaN,-0.974049038,NaN,35.9
1979,NaN,NaN,-0.12796369,NaN,NaN,NaN,NaN,NaN,NaN,-0.991778853,NaN,36
1979.083333,NaN,NaN,-0.028311733,NaN,NaN,NaN,NaN,NaN,NaN,-0.999599143,NaN,36.1
1979.166667,NaN,NaN,0.071623106,NaN,NaN,NaN,NaN,NaN,NaN,-0.997431767,NaN,36.2
1979.25,NaN,NaN,0.17084231,NaN,NaN,NaN,NaN,NaN,NaN,-0.985298384,NaN,36.3
1979.333333,NaN,NaN,0.268354514,NaN,NaN,NaN,NaN,NaN,NaN,-0.963320224,NaN,36.4
1979.416667,NaN,NaN,0.363185408,NaN,NaN,NaN,NaN,NaN,NaN,-0.931716888,NaN,36.5
1979.5,NaN,NaN,0.454387474,NaN,NaN,NaN,NaN,NaN,NaN,-0.890804144,NaN,36.6
1979.583333,NaN,NaN,0.541049451,NaN,NaN,NaN,NaN,NaN,NaN,-0.84099078,NaN,36.7
1979.666667,NaN,NaN,0.62230544,NaN,NaN,NaN,NaN,NaN,NaN,-0.782774514,NaN,36.8
1979.75,NaN,NaN,0.697343559,NaN,NaN,NaN,NaN,NaN,NaN,-0.716737023,NaN,36.9
1979.833333,NaN,NaN,0.765414052,NaN,NaN,NaN,NaN,NaN,NaN,-0.643538133,NaN,37
1979.916667,NaN,NaN,0.82583678,NaN,NaN,NaN,NaN,NaN,NaN,-0.563909223,NaN,37.1
1980,NaN,NaN,0.878008021,NaN,NaN,NaN,NaN,NaN,NaN,-0.478645919,NaN,37.2
1980.083333,NaN,NaN,0.921406495,NaN,NaN,NaN,NaN,NaN,NaN,-0.388600142,NaN,37.3
1980.166667,NaN,NaN,0.955598581,NaN,NaN,NaN,NaN,NaN,NaN,-0.294671602,NaN,37.4
1980.25,NaN,NaN,0.980242641,NaN,NaN,NaN,NaN,NaN,NaN,-0.1977988,NaN,37.5
1980.333333,NaN,NaN,0.995092441,NaN,NaN,NaN,NaN,NaN,NaN,-0.098949658,NaN,37.6
1980.416667,NaN,NaN,0.999999606,NaN,NaN,NaN,NaN,NaN,NaN,0.000888157,NaN,37.7
1980.5,NaN,NaN,0.994915105,NaN,NaN,NaN,NaN,NaN,NaN,0.100717097,NaN,37.8
1980.583333,NaN,NaN,0.979889742,NaN,NaN,NaN,NaN,NaN,NaN,0.199539705,NaN,37.9
1980.666667,NaN,NaN,0.955073644,NaN,NaN,NaN,NaN,NaN,NaN,0.296368579,NaN,38
1980.75,NaN,NaN,0.920714766,NaN,NaN,NaN,NaN,NaN,NaN,0.390236235,NaN,38.1
1980.833333,NaN,NaN,0.877156411,NaN,NaN,NaN,NaN,NaN,NaN,0.48020478,NaN,38.2
1980.916667,NaN,NaN,0.824833798,NaN,NaN,NaN,NaN,NaN,NaN,0.565375278,NaN,38.3
1981,NaN,NaN,0.764269719,NaN,NaN,NaN,NaN,NaN,NaN,0.644896733,NaN,38.4
1981.083333,NaN,NaN,0.69606931,NaN,NaN,NaN,NaN,NaN,NaN,0.717974593,NaN,38.5
1981.166667,NaN,NaN,0.620914006,NaN,NaN,NaN,NaN,NaN,NaN,0.783878688,NaN,38.6
1981.25,NaN,NaN,0.539554735,NaN,NaN,NaN,NaN,NaN,NaN,0.841950526,NaN,38.7
1981.333333,NaN,NaN,0.452804411,NaN,NaN,NaN,NaN,NaN,NaN,0.891609873,NaN,38.8
1981.416667,NaN,NaN,0.361529815,NaN,NaN,NaN,NaN,NaN,NaN,0.932360549,NaN,38.9
1981.5,NaN,NaN,0.266642932,NaN,NaN,NaN,NaN,NaN,NaN,0.963795386,NaN,39
1981.583333,NaN,NaN,0.169091842,NaN,NaN,NaN,NaN,NaN,NaN,0.985600299,NaN,39.1
1981.666667,NaN,NaN,0.069851242,NaN,NaN,NaN,NaN,NaN,NaN,0.997557419,NaN,39.2
1981.75,NaN,NaN,-0.030087289,NaN,NaN,NaN,NaN,NaN,NaN,0.999547275,NaN,39.3
1981.833333,NaN,NaN,-0.129725197,NaN,NaN,NaN,NaN,NaN,NaN,0.991549985,NaN,39.4
1981.916667,NaN,NaN,-0.228066934,NaN,NaN,NaN,NaN,NaN,NaN,0.973645456,NaN,39.5
1982,NaN,NaN,-0.324129902,NaN,NaN,NaN,NaN,NaN,NaN,0.946012583,NaN,39.6
1982.083333,NaN,NaN,-0.416954271,NaN,NaN,NaN,NaN,NaN,NaN,0.908927465,NaN,39.7
1982.166667,NaN,NaN,-0.505612571,NaN,NaN,NaN,NaN,NaN,NaN,0.862760644,NaN,39.8
1982.25,NaN,NaN,-0.589218957,NaN,NaN,NaN,NaN,NaN,NaN,0.807973404,NaN,39.9
1982.333333,NaN,NaN,-0.666938062,NaN,NaN,NaN,NaN,NaN,NaN,0.74511316,NaN,40
1982.416667,NaN,NaN,-0.737993342,NaN,NaN,NaN,NaN,NaN,NaN,0.674807993,NaN,40.1
1982.5,NaN,NaN,-0.801674837,NaN,NaN,NaN,NaN,NaN,NaN,0.597760367,NaN,40.2
1982.583333,NaN,NaN,-0.857346261,NaN,NaN,NaN,NaN,NaN,NaN,0.514740117,NaN,40.3
1982.666667,NaN,NaN,-0.904451366,NaN,NaN,NaN,NaN,NaN,NaN,0.426576754,NaN,40.4
1982.75,NaN,NaN,-0.942519491,NaN,NaN,NaN,NaN,NaN,NaN,0.334151177,NaN,40.5
1982.833333,NaN,NaN,-0.971170273,NaN,NaN,NaN,NaN,NaN,NaN,0.238386872,NaN,40.6
1982.916667,NaN,NaN,-0.990117443,NaN,NaN,NaN,NaN,NaN,NaN,0.140240684,NaN,40.7
1983,NaN,NaN,-0.999171686,NaN,NaN,NaN,NaN,NaN,NaN,0.040693257,NaN,40.8
1983.083333,NaN,NaN,-0.998242537,NaN,NaN,NaN,NaN,NaN,NaN,-0.059260763,NaN,40.9
1983.166667,NaN,NaN,-0.987339278,NaN,NaN,NaN,NaN,NaN,NaN,-0.158622669,NaN,41
1983.25,NaN,NaN,-0.966570851,NaN,NaN,NaN,NaN,NaN,NaN,-0.25639967,NaN,41.1
1983.333333,NaN,NaN,-0.936144767,NaN,NaN,NaN,NaN,NaN,NaN,-0.35161481,NaN,41.2
1983.416667,NaN,NaN,-0.896365035,NaN,NaN,NaN,NaN,NaN,NaN,-0.443316731,NaN,41.3
1983.5,NaN,NaN,-0.84762912,NaN,NaN,NaN,NaN,NaN,NaN,-0.530589178,NaN,41.4
1983.583333,NaN,NaN,-0.790423974,NaN,NaN,NaN,NaN,NaN,NaN,-0.612560153,NaN,41.5
1983.666667,NaN,NaN,-0.725321174,NaN,NaN,NaN,NaN,NaN,NaN,-0.68841063,NaN,41.6
1983.75,NaN,NaN,-0.652971204,NaN,NaN,NaN,NaN,NaN,NaN,-0.757382735,NaN,41.7
1983.833333,NaN,NaN,-0.574096961,NaN,NaN,NaN,NaN,NaN,NaN,-0.818787322,NaN,41.8
1983.916667,NaN,NaN,-0.489486532,NaN,NaN,NaN,NaN,NaN,NaN,-0.872010857,NaN,41.9
1984,NaN,NaN,-0.399985315,NaN,NaN,NaN,NaN,NaN,NaN,-0.916521548,NaN,42
1984.083333,NaN,NaN,-0.306487577,NaN,NaN,NaN,NaN,NaN,NaN,-0.951874658,NaN,42.1
1984.166667,NaN,NaN,-0.209927516,NaN,NaN,NaN,NaN,NaN,NaN,-0.977716952,NaN,42.2
1984.25,NaN,NaN,-0.111269929,NaN,NaN,NaN,NaN,NaN,NaN,-0.993790221,NaN,42.3
1984.333333,NaN,NaN,-0.01150057,NaN,NaN,NaN,NaN,NaN,NaN,-0.999933866,NaN,42.4
1984.416667,NaN,NaN,0.088383699,NaN,NaN,NaN,NaN,NaN,NaN,-0.996086503,NaN,42.5
1984.5,NaN,NaN,0.187384868,NaN,NaN,NaN,NaN,NaN,NaN,-0.982286573,NaN,42.6
1984.583333,NaN,NaN,0.284513749,NaN,NaN,NaN,NaN,NaN,NaN,-0.95867196,NaN,42.7
1984.666667,NaN,NaN,0.378799862,NaN,NaN,NaN,NaN,NaN,NaN,-0.925478614,NaN,42.8
1984.75,NaN,NaN,0.469301133,NaN,NaN,NaN,NaN,NaN,NaN,-0.883038191,NaN,42.9
1984.833333,NaN,NaN,0.555113302,NaN,NaN,NaN,NaN,NaN,NaN,-0.831774743,NaN,43
1984.916667,NaN,NaN,0.635378962,NaN,NaN,NaN,NaN,NaN,NaN,-0.772200476,NaN,43.1
1985,NaN,NaN,0.709296125,NaN,NaN,NaN,NaN,NaN,NaN,-0.704910637,NaN,43.2
1985.083333,NaN,NaN,0.776126236,NaN,NaN,NaN,NaN,NaN,NaN,-0.630577565,NaN,43.3
1985.166667,NaN,NaN,0.835201551,NaN,NaN,NaN,NaN,NaN,NaN,-0.54994397,NaN,43.4
1985.25,NaN,NaN,0.885931807,NaN,NaN,NaN,NaN,NaN,NaN,-0.463815516,NaN,43.5
1985.333333,NaN,NaN,0.927810126,NaN,NaN,NaN,NaN,NaN,NaN,-0.373052771,NaN,43.6
1985.416667,NaN,NaN,0.960418073,NaN,NaN,NaN,NaN,NaN,NaN,-0.278562606,NaN,43.7
1985.5,NaN,NaN,0.983429839,NaN,NaN,NaN,NaN,NaN,NaN,-0.181289136,NaN,43.8
1985.583333,NaN,NaN,0.9966155,NaN,NaN,NaN,NaN,NaN,NaN,-0.082204284,NaN,43.9
1985.666667,NaN,NaN,0.999843309,NaN,NaN,NaN,NaN,NaN,NaN,0.017701925,NaN,44
1985.75,NaN,NaN,0.993081013,NaN,NaN,NaN,NaN,NaN,NaN,0.117431263,NaN,44.1
1985.833333,NaN,NaN,0.97639618,NaN,NaN,NaN,NaN,NaN,NaN,0.215987266,NaN,44.2
1985.916667,NaN,NaN,0.94995552,NaN,NaN,NaN,NaN,NaN,NaN,0.312385196,NaN,44.3
1986,NaN,NaN,0.914023217,NaN,NaN,NaN,NaN,NaN,NaN,0.405661877,NaN,44.4
1986.083333,NaN,NaN,0.868958297,NaN,NaN,NaN,NaN,NaN,NaN,0.494885318,NaN,44.5
1986.166667,NaN,NaN,0.815211033,NaN,NaN,NaN,NaN,NaN,NaN,0.579164028,NaN,44.6
1986.25,NaN,NaN,0.75331845,NaN,NaN,NaN,NaN,NaN,NaN,0.657655923,NaN,44.7
1986.333333,NaN,NaN,0.683898958,NaN,NaN,NaN,NaN,NaN,NaN,0.729576737,NaN,44.8
1986.416667,NaN,NaN,0.607646173,NaN,NaN,NaN,NaN,NaN,NaN,0.794207862,NaN,44.9
1986.5,NaN,NaN,0.525321989,NaN,NaN,NaN,NaN,NaN,NaN,0.850903525,NaN,45
1986.583333,NaN,NaN,0.437748961,NaN,NaN,NaN,NaN,NaN,NaN,0.89909724,NaN,45.1
1986.666667,NaN,NaN,0.34580209,NaN,NaN,NaN,NaN,NaN,NaN,0.938307473,NaN,45.2
1986.75,NaN,NaN,0.250400079,NaN,NaN,NaN,NaN,NaN,NaN,0.968142448,NaN,45.3
1986.833333,NaN,NaN,0.152496153,NaN,NaN,NaN,NaN,NaN,NaN,0.988304064,NaN,45.4
1986.916667,NaN,NaN,0.053068536,NaN,NaN,NaN,NaN,NaN,NaN,0.998590872,NaN,45.5
1987,NaN,NaN,-0.046889324,NaN,NaN,NaN,NaN,NaN,NaN,0.998900091,NaN,45.6
1987.083333,NaN,NaN,-0.146378682,NaN,NaN,NaN,NaN,NaN,NaN,0.98922863,NaN,45.7
1987.166667,NaN,NaN,-0.244405472,NaN,NaN,NaN,NaN,NaN,NaN,0.969673123,NaN,45.8
1987.25,NaN,NaN,-0.339990243,NaN,NaN,NaN,NaN,NaN,NaN,0.940428963,NaN,45.9
1987.333333,NaN,NaN,-0.432177945,NaN,NaN,NaN,NaN,NaN,NaN,0.901788348,NaN,46
1987.416667,NaN,NaN,-0.520047467,NaN,NaN,NaN,NaN,NaN,NaN,0.854137361,NaN,46.1
1987.5,NaN,NaN,-0.602720847,NaN,NaN,NaN,NaN,NaN,NaN,0.797952117,NaN,46.2
1987.583333,NaN,NaN,-0.679372039,NaN,NaN,NaN,NaN,NaN,NaN,0.733793998,NaN,46.3
1987.666667,NaN,NaN,-0.749235171,NaN,NaN,NaN,NaN,NaN,NaN,0.662304053,NaN,46.4
1987.75,NaN,NaN,-0.811612192,NaN,NaN,NaN,NaN,NaN,NaN,0.584196584,NaN,46.5
1987.833333,NaN,NaN,-0.865879853,NaN,NaN,NaN,NaN,NaN,NaN,0.500252017,NaN,46.6
1987.916667,NaN,NaN,-0.911495928,NaN,NaN,NaN,NaN,NaN,NaN,0.411309096,NaN,46.7
1988,NaN,NaN,-0.948004638,NaN,NaN,NaN,NaN,NaN,NaN,0.318256511,NaN,46.8
1988.083333,NaN,NaN,-0.975041198,NaN,NaN,NaN,NaN,NaN,NaN,0.222024012,NaN,46.9
1988.166667,NaN,NaN,-0.992335469,NaN,NaN,NaN,NaN,NaN,NaN,0.123573123,NaN,47
1988.25,NaN,NaN,-0.999714652,NaN,NaN,NaN,NaN,NaN,NaN,0.023887532,NaN,47.1
1988.333333,NaN,NaN,-0.997105017,NaN,NaN,NaN,NaN,NaN,NaN,-0.076036736,NaN,47.2
1988.416667,NaN,NaN,-0.984532638,NaN,NaN,NaN,NaN,NaN,NaN,-0.17520127,NaN,47.3
1988.5,NaN,NaN,-0.962123134,NaN,NaN,NaN,NaN,NaN,NaN,-0.27261525,NaN,47.4
1988.583333,NaN,NaN,-0.930100414,NaN,NaN,NaN,NaN,NaN,NaN,-0.367305349,NaN,47.5
1988.666667,NaN,NaN,-0.888784438,NaN,NaN,NaN,0.0864,NaN,NaN,-0.458325454,NaN,47.6
1988.75,NaN,NaN,-0.838588022,NaN,NaN,NaN,0.0864,NaN,NaN,-0.544766123,NaN,47.7
1988.833333,NaN,NaN,-0.780012712,NaN,NaN,NaN,0.0864,NaN,NaN,-0.625763669,NaN,47.8
1988.916667,NaN,NaN,-0.713643772,NaN,NaN,NaN,0.0864,NaN,NaN,-0.700508791,NaN,47.9
1989,NaN,NaN,-0.640144339,NaN,NaN,NaN,0.0864,NaN,NaN,-0.768254661,NaN,48
1989.083333,NaN,NaN,-0.560248796,NaN,NaN,NaN,0.1134,NaN,NaN,-0.828324385,NaN,48.1
1989.166667,NaN,NaN,-0.474755433,NaN,NaN,NaN,0.1134,NaN,NaN,-0.880117764,NaN,48.2
1989.25,NaN,NaN,-0.38451847,NaN,NaN,NaN,0.1134,NaN,NaN,-0.923117298,NaN,48.3
1989.333333,NaN,NaN,-0.290439525,NaN,NaN,NaN,0.1134,NaN,NaN,-0.95689335,NaN,48.4
1989.416667,NaN,NaN,-0.193458605,NaN,NaN,NaN,0.1134,NaN,NaN,-0.981108439,NaN,48.5
1989.5,NaN,NaN,-0.09454471,NaN,NaN,NaN,0.1134,NaN,NaN,-0.995520616,NaN,48.6
1989.583333,NaN,NaN,0.005313844,NaN,NaN,NaN,0.1134,NaN,NaN,-0.999985881,NaN,48.7
1989.666667,NaN,NaN,0.105119304,NaN,NaN,NaN,0.1134,NaN,NaN,-0.994459618,NaN,48.8
1989.75,NaN,NaN,0.203874447,NaN,NaN,NaN,0.1134,NaN,NaN,-0.978997043,NaN,48.9
1989.833333,NaN,NaN,0.300592544,NaN,NaN,NaN,0.1134,NaN,NaN,-0.953752653,NaN,49
1989.916667,NaN,NaN,0.394307219,NaN,NaN,NaN,0.1134,NaN,NaN,-0.918978681,NaN,49.1
1990,NaN,NaN,0.484082107,NaN,NaN,NaN,0.1134,NaN,NaN,-0.875022579,NaN,49.2
1990.083333,NaN,NaN,0.569020206,NaN,NaN,NaN,0.1134,NaN,NaN,-0.82232354,NaN,49.3
1990.166667,29.35551439,59.00772815,0.648272844,NaN,NaN,NaN,0.1134,NaN,NaN,-0.761408116,NaN,49.4
1990.25,29.03843267,59.4800307,0.721048154,NaN,NaN,NaN,0.1008,NaN,NaN,-0.692884954,NaN,49.5
1990.333333,28.55660563,60.47714817,0.786618989,NaN,NaN,NaN,0.1008,NaN,NaN,-0.617438715,NaN,49.6
1990.416667,29.36988809,60.79195911,0.844330187,NaN,NaN,NaN,0.1008,NaN,NaN,-0.535823232,NaN,49.7
1990.5,30.66166687,61.47300309,0.893605117,NaN,NaN,NaN,0.1008,NaN,NaN,-0.44885398,NaN,49.8
1990.583333,30.54537328,62.13559622,0.93395144,NaN,NaN,NaN,0.0864,NaN,NaN,-0.357399928,NaN,49.9
1990.666667,31.76881641,62.6574809,0.964966028,NaN,NaN,NaN,0.0864,NaN,NaN,-0.262374854,NaN,50
1990.75,30.74280008,63.15166901,0.986338996,NaN,NaN,NaN,0.0864,NaN,NaN,-0.164728217,NaN,50.1
1990.833333,31.79214264,63.86933871,0.99785679,NaN,NaN,NaN,0.0864,NaN,NaN,-0.06543567,NaN,50.2
1990.916667,34.21437159,64.15775141,0.999404329,NaN,NaN,NaN,0.0864,NaN,NaN,0.034510689,NaN,50.3
1991,31.65202556,65.63637496,0.99096615,NaN,NaN,NaN,0.0864,NaN,NaN,0.134112228,NaN,50.4
1991.083333,28.99820249,67.75335446,0.972626565,NaN,NaN,NaN,0.0864,NaN,NaN,0.232373762,NaN,50.5
1991.166667,32.41950342,66.10351096,0.944568817,NaN,NaN,NaN,0.0864,NaN,NaN,0.328313494,NaN,50.6
1991.25,34.4464281,69.15216453,0.907073249,NaN,NaN,NaN,0.0756,NaN,NaN,0.420972826,NaN,50.7
1991.333333,36.28157242,67.56922401,0.860514506,NaN,NaN,NaN,0.0756,NaN,NaN,0.509425937,NaN,50.8
1991.416667,36.68479797,68.1082107,0.805357786,NaN,NaN,NaN,0.0756,NaN,NaN,0.592789033,NaN,50.9
1991.5,36.5141462,69.00636361,0.742154197,NaN,NaN,NaN,0.0756,NaN,NaN,0.670229176,NaN,51
1991.583333,38.21674044,70.09889107,0.671535249,NaN,NaN,NaN,0.0756,NaN,NaN,0.740972611,NaN,51.1
1991.666667,38.41824069,71.24845714,0.594206542,NaN,NaN,NaN,0.0756,NaN,NaN,0.804312492,NaN,51.2
1991.75,40.7042647,72.14556863,0.51094072,NaN,NaN,NaN,0.0756,NaN,NaN,0.859615949,NaN,51.3
1991.833333,40.77014058,73.12996198,0.422569748,NaN,NaN,NaN,0.0756,NaN,NaN,0.906330408,NaN,51.4
1991.916667,40.46055005,71.58780727,0.329976598,NaN,NaN,NaN,0.0756,NaN,NaN,0.943989113,NaN,51.5
1992,41.929805,74.96058172,0.234086431,NaN,NaN,NaN,0.0756,201.2657012,0.398514819,0.97221579,NaN,51.6
1992.083333,43.06023125,78.61216805,0.13585735,NaN,NaN,NaN,0.0756,210.4920577,0.400360659,0.990728409,NaN,51.7
1992.166667,43.77025004,78.91239911,0.036270827,NaN,NaN,NaN,0.0756,207.3918246,0.403064775,0.999341997,NaN,51.8
1992.25,44.7692124,76.13057585,-0.063678102,NaN,NaN,NaN,0.0756,215.2869785,0.408262852,0.99797049,NaN,51.9
1992.333333,48.02881299,77.31368224,-0.162990781,NaN,NaN,NaN,0.0756,220.9496615,0.409934973,0.986627592,NaN,52
1992.416667,48.95878164,79.22365655,-0.260674909,NaN,NaN,NaN,0.0756,225.8001181,0.411651581,0.965426637,NaN,52.1
1992.5,45.22025437,81.33851261,-0.35575446,NaN,NaN,NaN,0.0756,231.1277326,0.413999245,0.934579458,NaN,52.2
1992.583333,53.06334961,83.0012827,-0.44727943,NaN,NaN,NaN,0.0756,232.395095,0.416992075,0.894394271,NaN,52.3
1992.666667,54.16635797,85.15637922,-0.534335332,NaN,NaN,NaN,0.0756,236.6674755,0.421667697,0.845272591,NaN,52.4
1992.75,56.20453355,86.60726167,-0.616052332,NaN,NaN,NaN,0.0756,242.0758693,0.424187846,0.787705227,NaN,52.5
1992.833333,57.57973724,87.41285349,-0.69161394,NaN,NaN,NaN,0.0756,245.4499642,0.426739613,0.722267373,NaN,52.6
1992.916667,61.34899084,88.79593723,-0.760265171,NaN,NaN,NaN,0.0756,250.5506119,0.431535432,0.649612862,NaN,52.7
1993,66.10676223,91.10064599,-0.821320083,NaN,NaN,NaN,0.0756,256.6761248,0.43828673,0.570467634,NaN,52.8
1993.083333,70.79031197,92.80656075,-0.874168637,NaN,NaN,NaN,0.0756,262.6484506,0.442802649,0.485622482,NaN,52.9
1993.166667,78.01636538,98.95399846,-0.918282786,NaN,NaN,NaN,0.0756,271.6258617,0.451503719,0.39592515,NaN,53
1993.25,74.67733944,100.6886731,-0.953221758,NaN,NaN,NaN,0.0756,274.9904636,0.45766526,0.302271866,NaN,53.1
1993.333333,73.6672349,101.960021,-0.978636452,NaN,NaN,NaN,0.0918,283.0903896,0.464559525,0.20559838,NaN,53.2
1993.416667,77.64355805,104.0151265,-0.994272935,NaN,NaN,NaN,0.0918,296.4267926,0.47193568,0.106870624,NaN,53.3
1993.5,82.59074809,105.0985861,-0.999974972,NaN,NaN,NaN,0.1098,302.2968638,0.4797716,0.007075052,NaN,53.4
1993.583333,82.83012095,105.9648577,-0.995685588,NaN,NaN,NaN,0.1098,308.268312,0.486529055,-0.092791212,NaN,53.5
1993.666667,80.51648245,107.1442775,-0.981447644,NaN,NaN,NaN,0.1098,311.9156401,0.492805956,-0.191730336,NaN,53.6
1993.75,89.09666664,108.5522569,-0.957403399,NaN,NaN,NaN,0.1098,320.6156464,0.500903343,-0.288753755,NaN,53.7
1993.833333,92.77188611,108.2710587,-0.923793096,NaN,NaN,NaN,0.1098,332.580219,0.508159809,-0.382892041,NaN,53.8
1993.916667,92.73199312,112.7566631,-0.880952558,NaN,NaN,NaN,0.1098,346.1882717,0.520537744,-0.473204597,NaN,53.9
1994,92.04601771,115.6019182,-0.829309833,61.17710308,53.94473782,NaN,0.1098,363.4786655,0.530745214,-0.558789049,NaN,54
1994.083333,91.32657605,117.1483282,-0.769380918,76.01704426,69.66565256,NaN,0.1098,359.4840135,0.540940118,-0.638790265,NaN,54.1
1994.166667,88.49724435,120.1958997,-0.701764603,77.3521419,73.91704864,NaN,0.1098,367.7361361,0.549126828,-0.7124089,NaN,54.2
1994.25,94.88459724,122.7846551,-0.627136489,82.49237162,79.56358285,NaN,0.1098,380.264466,0.557796973,-0.778909381,NaN,54.3
1994.333333,95.30048128,127.1263938,-0.546242234,79.07447105,81.2168679,NaN,0.1098,393.948759,0.563589538,-0.837627257,NaN,54.4
1994.416667,100.9178348,131.3144275,-0.459890107,85.09323761,88.65918556,NaN,0.1098,403.2701309,0.573703603,-0.887975838,NaN,54.5
1994.5,110.2766818,134.8294571,-0.36894291,83.17792179,89.23695604,NaN,0.1098,409.597848,0.579208668,-0.929452058,NaN,54.6
1994.583333,102.7995118,139.6409049,-0.274309358,84.03981473,84.75187942,NaN,0.1098,421.5515238,0.587734085,-0.961641501,NaN,54.7
1994.666667,104.3089268,143.4266665,-0.176934997,81.93880261,87.9332854,NaN,0.1098,429.9266807,0.594721021,-0.984222539,NaN,54.8
1994.75,105.6154998,146.0502727,-0.07779276,82.68541967,83.27853153,NaN,0.1098,435.217328,0.601226198,-0.996969551,NaN,54.9
1994.833333,108.3418642,149.2465497,0.022126756,83.74526359,103.6224533,NaN,0.1098,446.1090863,0.606541844,-0.999755173,NaN,55
1994.916667,110.8220248,151.3840792,0.121825189,98.9232261,120.3240879,NaN,0.1098,453.1603955,0.612421011,-0.992551572,NaN,55.1
1995,113.862631,153.045206,0.220306386,76.86303332,100.1386769,NaN,0.1098,456.9459827,0.619536438,-0.975430724,NaN,55.2
1995.083333,118.3649983,151.6933857,0.316586353,75.99577043,102.0096877,NaN,0.1098,468.9164232,0.624766632,-0.948563694,NaN,55.3
1995.166667,118.2920209,158.9649176,0.409703094,87.91443278,108.9249638,NaN,0.1098,483.6733858,0.63061171,-0.912218929,NaN,55.4
1995.25,115.5306803,163.3709704,0.498726218,87.87444932,102.9963499,NaN,0.1098,491.9163725,0.639643717,-0.866759574,NaN,55.5
1995.333333,113.8502397,166.7650099,0.582766234,91.83444004,106.0427563,NaN,0.1098,500.2498135,0.648616366,-0.812639844,NaN,55.6
1995.416667,110.4812295,169.2488188,0.660983442,91.47827988,110.1282051,NaN,0.1098,508.0510223,0.655273863,-0.750400486,NaN,55.7
1995.5,104.6476429,175.1271354,0.732596323,91.45338707,101.3202226,NaN,0.1098,520.9620976,0.661877973,-0.680663374,NaN,55.8
1995.583333,132.5501066,177.6757862,0.796889343,95.40710538,100.9692593,NaN,0.1098,528.4241417,0.665965075,-0.604125298,NaN,55.9
1995.666667,124.4641323,180.0390255,0.853220108,98.08163153,101.4007152,NaN,0.1098,533.3154052,0.671272648,-0.521551002,NaN,56
1995.75,123.9261399,182.5089459,0.90102578,93.17920726,96.38358535,NaN,0.1098,542.2283057,0.674404217,-0.433765541,NaN,56.1
1995.833333,121.2340254,184.6541146,0.9398287,96.24254677,97.25092639,NaN,0.1098,545.1057126,0.676766263,-0.341646038,NaN,56.2
1995.916667,126.4884124,187.4738559,0.969241162,101.0365608,111.3229527,NaN,0.1098,554.200471,0.67641044,-0.246112921,NaN,56.3
1996,123.8896711,187.5051408,0.988969287,99.54462583,95.10652372,0.118784,0.1098,558.1668759,0.67896611,-0.148120724,NaN,56.4
1996.083333,123.6503155,183.2223169,0.998815958,98.62475661,99.98301438,0.116184,0.1098,566.1851694,0.681839562,-0.048648555,NaN,56.5
1996.166667,139.1863926,193.7906848,0.99868279,94.33070399,87.37989284,0.116484,0.1098,573.6230094,0.686808445,0.051309695,NaN,56.6
1996.25,131.671507,196.7219884,0.988571114,92.62575413,96.63546598,0.105484,0.1098,582.3817147,0.691953471,0.150755275,0.878316609,56.7
1996.333333,140.782027,200.7833094,0.968581962,96.43229275,101.0978709,0.106484,0.0918,586.6655741,0.694300181,0.248694559,0.882077244,56.8
1996.416667,146.4069372,204.0739302,0.938915059,91.66095985,97.76010343,0.113684,0.0918,595.7257543,0.697350906,0.344148968,0.886606081,56.9
1996.5,136.3546454,204.2771395,0.899866827,91.37171013,101.6303386,0.112784,0.0918,603.661681,0.698720337,0.436164755,0.889721965,57
1996.583333,137.7125724,207.8658054,0.851827423,93.51965987,112.6711525,0.112584,0.0747,606.2352482,0.702367106,0.523822528,0.892455095,57.1
1996.666667,138.7217333,213.2992521,0.795276842,89.25235688,108.0049494,0.104584,0.0747,616.1693958,0.701973073,0.606246439,0.890257881,57.2
1996.75,134.5049642,214.0839295,0.730780117,94.52564526,119.1532463,0.105684,0.0747,623.3076732,0.707107335,0.682612937,0.893898729,57.3
1996.833333,143.0986219,217.3660258,0.658981678,93.29187786,108.5087944,0.106884,0.0747,629.6833797,0.708428708,0.752158991,0.893565228,57.4
1996.916667,157.3239083,224.5140529,0.580598913,110.9687081,119.8752421,0.105284,0.0747,639.5574829,0.70969914,0.814189722,0.894608167,57.5
1997,150.2265982,222.3472544,0.496414995,96.15362656,118.5970444,0.106384,0.0747,631.7717934,0.705547294,0.868085337,0.895181614,57.6
1997.083333,146.6218578,216.1690549,0.407271062,93.78625075,111.6730301,0.106084,0.0747,641.805199,0.706489073,0.913307332,0.897643514,57.7
1997.166667,146.7031982,222.7153882,0.314057812,92.61997169,118.1169376,0.105784,0.0747,650.8698123,0.703240311,0.949403861,0.898897028,57.8
1997.25,151.3967873,223.7592868,0.2177066,94.30069952,124.2840768,0.104884,0.0747,653.1679009,0.705013005,0.97601426,0.899163749,57.9
1997.333333,151.4666149,224.2010476,0.119180135,95.30015128,126.331944,0.102284,0.0747,656.0429609,0.707213496,0.992872648,0.900315608,58
1997.416667,162.3745105,226.2141235,0.019462862,93.61410213,124.1782163,0.102484,0.0747,663.1345623,0.709537101,0.999810581,0.900373645,58.1
1997.5,127.9114322,227.6763027,-0.080448877,101.6483172,126.5193282,0.096242,0.0747,664.3041133,0.710397181,0.996758736,0.899313671,58.2
1997.583333,151.331808,228.1431227,-0.179556798,95.18573218,126.1309972,0.09,0.0747,673.6401713,0.710612525,0.983747608,0.899972742,58.3
1997.666667,148.47517,229.1615056,-0.276870647,97.60740766,132.1708117,0.089625,0.0747,676.142406,0.708348716,0.960907199,0.896500093,58.4
1997.75,157.0922436,232.1865483,-0.371418095,107.1424158,140.1688111,0.08925,0.0567,686.1918096,0.710580774,0.928465723,0.900575299,58.5
1997.833333,154.7409824,232.2152931,-0.462254457,96.82887979,133.7813449,0.085017,0.0567,692.0906621,0.71116923,0.886747324,0.902809304,58.6
1997.916667,170.67421,228.641784,-0.548472126,108.4117023,127.8682456,0.0954,0.0567,682.343058,0.708979352,0.836168839,0.903107954,58.7
1998,159.5810088,233.8433794,-0.629209642,95.16391894,130.4223431,0.086161,0.0567,693.0884739,0.707397354,0.777235632,0.902460713,58.8
1998.083333,151.9684783,236.4840621,-0.703660303,95.15955973,134.9655404,0.085898,0.0567,685.2889481,0.704480156,0.710536542,0.900522569,58.9
1998.166667,156.829863,238.7431583,-0.771080223,96.47428693,128.9994537,0.083086,0.0522,693.2814487,0.704152655,0.636738007,0.899490643,59
1998.25,167.9971215,241.1251454,-0.830795764,96.29812282,133.2223015,0.068596,0.0522,695.2336997,0.701522048,0.556577396,0.897819155,59.1
1998.333333,167.1399783,241.5273035,-0.882210269,93.62392066,124.8637488,0.06567,0.0522,698.9107197,0.699495561,0.470855648,0.896837228,59.2
1998.416667,169.718268,244.6934506,-0.924810021,95.97443739,127.4176639,0.066158,0.0522,703.5803667,0.699544619,0.380429265,0.89698287,59.3
1998.5,177.1606805,248.1957621,-0.958169376,95.18516229,129.640409,0.05527,0.0477,706.4679772,0.699138266,0.28620176,0.895614602,59.4
1998.583333,184.5247466,250.7901154,-0.98195502,93.38017155,121.2373182,0.051713,0.0477,713.3135596,0.699811088,0.18911462,0.895195584,59.5
1998.666667,190.722433,249.4775384,-0.995929293,95.81132995,121.4467713,0.047653,0.0477,723.6172066,0.701887865,0.09013791,0.897750523,59.6
1998.75,189.5612202,249.032462,-0.999952571,98.9114736,116.6535488,0.047728,0.0477,729.4173283,0.702490488,-0.009739428,0.895331003,59.7
1998.833333,204.5141148,250.5999424,-0.993984653,98.07103608,120.6774269,0.045867,0.0477,737.2420865,0.701477426,-0.109519453,0.896490984,59.8
1998.916667,171.7073048,250.3152147,-0.978085168,104.2362741,136.2408087,0.041624,0.0378,740.1088939,0.699956593,-0.208205196,0.897770638,59.9
1999,180.9153523,250.4165475,-0.95241298,92.72396279,111.3549439,0.040244,0.0378,755.0200237,0.696996655,-0.304810621,0.899146648,60
1999.083333,192.9551746,249.4372445,-0.917224597,103.5093055,122.3376394,0.040275,0.0378,713.3165812,0.692399136,-0.39837048,0.896411765,60.1
1999.166667,187.9054409,252.3893938,-0.872871608,116.3716457,123.7015988,0.04048,0.0378,732.1775218,0.691289493,-0.487949952,0.89552237,60.2
1999.25,182.9444029,253.5538373,-0.819797175,112.3801285,121.9776005,0.040358,0.0378,738.8466866,0.69102314,-0.572653989,0.894891916,60.3
1999.333333,184.8184822,251.678663,-0.7585316,116.752187,131.5663528,0.040115,0.0378,740.4421905,0.690501559,-0.651636258,0.894460617,60.4
1999.416667,177.0225893,257.1271609,-0.689687027,115.3282716,126.1557206,0.029007,0.0225,746.2346474,0.688605952,-0.724107592,0.892522599,60.5
1999.5,181.7521647,259.0567312,-0.61395133,112.324536,137.8862726,0.02632,0.0225,751.4143866,0.688059107,-0.789343882,0.892359188,60.6
1999.583333,182.0757617,261.4737549,-0.532081234,112.9909442,142.0821906,0.025941,0.0225,757.5682512,0.688696396,-0.84669331,0.891622893,60.7
1999.666667,177.8402433,265.0829406,-0.444894758,123.1162332,144.4935819,0.025826,0.0225,765.353544,0.69441356,-0.895582857,0.892580157,60.8
1999.75,187.0641288,267.2468761,-0.353263041,120.1659586,145.5083041,0.026,0.0225,777.0781623,0.699660092,-0.935524037,0.893452445,60.9
1999.833333,209.774257,270.3658284,-0.258101636,132.9341975,154.9799734,0.025781,0.0225,784.0160766,0.696417749,-0.96611777,0.892521114,61
1999.916667,196.8695414,272.9169947,-0.160361365,109.4694679,143.6121391,0.025708,0.0225,794.9695057,0.695973353,-0.987058373,0.893685732,61.1
2000,196.0306227,274.6583227,-0.061018816,140.8205333,162.0047126,0.025212,0.0225,806.0638404,0.700048753,-0.998136616,0.897423431,61.2
2000.083333,195.3963105,276.5824432,0.038933412,157.0246198,161.8067998,0.025007,0.0225,793.8416963,0.700524242,-0.999241807,0.89881052,61.3
2000.166667,198.4384863,276.6943424,0.138496631,144.0404892,167.4665471,0.024558,0.0225,805.9059331,0.701525118,-0.990362905,0.900117422,61.4
2000.25,193.5861711,277.9317049,0.236676037,146.067528,167.495694,0.024179,0.0225,817.1125074,0.704037169,-0.971588624,0.900672882,61.5
2000.333333,194.5398602,279.5004838,0.332490655,148.4027811,171.8967934,0.023888,0.0225,826.334418,0.705181991,-0.94310655,0.900133034,61.6
2000.416667,203.7502488,281.0568008,0.424983136,160.3145419,183.9887903,0.023628,0.0225,831.2824772,0.706784586,-0.905201267,0.901193903,61.7
2000.5,201.990301,283.2618879,0.513229325,157.5627539,170.2506579,0.023575,0.0225,842.8455566,0.709314016,-0.858251513,0.907204937,61.8
2000.583333,198.7649015,286.183584,0.596347497,167.7018983,181.6400606,0.023241,0.0225,844.9233037,0.706703785,-0.802726393,0.906177967,61.9
2000.666667,210.1585297,288.9739132,0.673507162,163.1845085,177.0384007,0.023064,0.0225,850.1273204,0.709613183,-0.739180697,0.908124826,62
2000.75,208.2978346,292.6958723,0.743937366,167.8238166,183.0911314,0.023021,0.0225,859.2115864,0.710784034,-0.668249351,0.90910824,62.1
2000.833333,219.0029713,294.6484795,0.806934394,170.5843885,175.754491,0.023072,0.0225,867.0746754,0.714139727,-0.590641079,0.909619005,62.2
2000.916667,209.8662612,300.3778551,0.8618688,143.3269955,160.2414491,0.024316,0.0225,883.2906105,0.715943316,-0.507131316,0.908612231,62.3
2001,212.9796128,302.1914094,0.908191698,167.1195026,164.4023447,0.024929,0.0225,892.8018952,0.71913373,-0.418554465,0.906984213,62.4
2001.083333,215.2322856,305.2346845,0.945440245,174.1801317,204.3765111,0.025171,0.0225,896.0345714,0.722149921,-0.325795555,0.905932955,62.5
2001.166667,211.5999342,303.5469656,0.973242265,168.2513127,191.8780511,0.024937,0.0225,901.4251123,0.721845171,-0.229781405,0.905891885,62.6
2001.25,225.0073016,306.0316806,0.99131997,170.1113949,184.1385692,0.024251,0.0225,907.1690581,0.721495069,-0.131471354,0.905761525,62.7
2001.333333,225.0915827,309.065617,0.999492734,165.6789594,178.9177229,0.023835,0.0225,915.9576369,0.721563758,-0.031847686,0.907127505,62.8
2001.416667,231.3416655,309.2865822,0.997678897,170.9485908,182.8559135,0.023514,0.0225,920.8603935,0.721835405,0.068094195,0.908544454,62.9
2001.5,230.8253394,310.77904,0.985896582,167.3494775,181.3423886,0.02301,0.0225,928.0008057,0.724725205,0.1673557,0.911265555,63
2001.583333,234.451502,313.6121267,0.964263514,175.6880391,184.3487247,0.022985,0.0225,930.2028713,0.722329629,0.264945043,0.908882436,63.1
2001.666667,236.1848612,315.6021933,0.932995844,167.7482877,183.4776852,0.022651,0.0225,937.5957371,0.718862097,0.359887143,0.908541861,63.2
2001.75,237.9246636,321.0898012,0.892405988,168.8476904,183.8966165,0.021796,0.0225,943.2358107,0.720830437,0.451233369,0.908961358,63.3
2001.833333,242.1567903,325.3972234,0.842899506,166.1683977,189.7902641,0.02139,0.0225,949.3089063,0.722045986,0.53807102,0.907674665,63.4
2001.916667,256.0141946,334.2085986,0.784971051,160.3460682,181.4027842,0.0214,0.0225,963.7195061,0.722902342,0.619532444,0.905018778,63.5
2002,249.9519484,331.8063433,0.719199425,169.298088,206.1549454,0.021361,0.0225,982.191043,0.722487113,0.694803704,0.901175325,63.6
2002.083333,243.6672373,330.942352,0.646241796,173.6052409,206.3367272,0.020523,0.0198,967.295536,0.723448511,0.763132716,0.89975603,63.7
2002.166667,258.7622227,337.1588885,0.566827132,181.5426374,196.6911368,0.01955,0.0198,975.4993241,0.723294251,0.823836757,0.900437037,63.8
2002.25,275.8555963,343.5128403,0.481748919,196.6471182,214.1906723,0.0195,0.0198,987.211965,0.723173221,0.876309294,0.903965069,63.9
2002.333333,266.4419825,349.0859281,0.39185723,197.1976137,212.4241585,0.01951,0.0198,1003.394214,0.725427557,0.920026038,0.908742164,64
2002.416667,267.4919568,350.6528889,0.298050234,189.3454689,214.5773793,0.0195,0.0198,1007.751063,0.725345002,0.954550186,0.911070349,64.1
2002.5,274.034018,352.2609721,0.201265218,212.3983113,231.9684859,0.0195,0.0198,1015.575838,0.726691882,0.979536785,0.913070046,64.2
2002.583333,284.4077031,355.4824518,0.102469226,217.5045963,232.7196357,0.0196,0.0198,1023.85786,0.726998908,0.994736175,0.912967946,64.3
2002.666667,291.3703295,362.8388023,0.002649395,225.348254,243.269205,0.0217,0.0198,1042.331238,0.726273006,0.99999649,0.913491468,64.4
2002.75,295.1162104,364.3715592,-0.097196907,225.4601217,242.099268,0.0224,0.0198,1051.856465,0.728858243,0.995265171,0.914715528,64.5
2002.833333,293.7551979,366.2014244,-0.19607205,231.5690991,245.2529814,0.0223,0.0198,1057.33823,0.729764353,0.980589492,0.915992662,64.6
2002.916667,290.4775558,359.1685588,-0.292988105,214.9501983,238.5190427,0.0229,0.0198,1057.439698,0.729311383,0.956116086,0.91698474,64.7
2003,305.1933282,371.5942384,-0.386976721,271.7823073,280.9913837,0.0227,0.0198,1080.313517,0.736023026,0.922089485,0.92233243,64.8
2003.083333,322.872672,384.4532838,-0.477098793,253.3246255,263.6306253,0.0224,0.0198,1106.825358,0.73511573,0.87884967,0.927654344,64.9
2003.166667,332.7182259,383.8901875,-0.562453851,260.1295634,264.8349733,0.0203,0.0198,1099.27073,0.739213067,0.826828679,0.931583106,65
2003.25,341.4209548,383.6778573,-0.642189057,262.5634347,284.4286239,0.0196,0.0198,1107.435113,0.738291999,0.76654629,0.930904244,65.1
2003.333333,355.9421648,370.4020572,-0.715507722,276.6904057,293.0656903,0.0203,0.0198,1099.099933,0.73772607,0.698604824,0.930798957,65.2
2003.416667,355.0949224,395.2090819,-0.78167727,266.3940287,282.127224,0.0216,0.0198,1136.831767,0.73875783,0.623683129,0.933144125,65.3
2003.5,362.4715288,401.4546602,-0.840036557,286.6191389,303.5588241,0.022,0.0198,1150.598091,0.743804359,0.542529799,0.93821398,65.4
2003.583333,367.2934793,406.0255312,-0.890002477,282.978607,297.3013689,0.0225,0.0198,1162.69838,0.747024734,0.45595569,0.941311781,65.5
2003.666667,370.3462034,412.8953242,-0.931075786,312.9972714,319.5662664,0.0286,0.0198,1171.650283,0.747663438,0.364825823,0.945270962,65.6
2003.75,380.3087423,415.7494409,-0.962846093,313.3285735,332.0716494,0.0309,0.0198,1189.41919,0.750334826,0.270050737,0.949762965,65.7
2003.833333,383.4174761,419.1963642,-0.984995961,297.122686,325.3706683,0.027,0.0198,1215.365673,0.758736627,0.172577392,0.961008438,65.8
2003.916667,375.4600113,414.4977326,-0.997304075,326.7404527,361.8926891,0.0214,0.0198,1222.695459,0.762834869,0.073379712,0.975415312,65.9
2004,449.4794303,426.9026148,-0.999647456,362.6073668,339.4985536,0.0229,0.0198,1241.872064,0.770930513,-0.026551154,0.991237759,66
2004.083333,544.1641776,437.7764338,-0.99200269,374.2318265,364.0911463,0.0222,0.0198,1266.814989,0.773260694,-0.12621673,0.998735421,66.1
2004.166667,467.0774702,443.8569455,-0.974446161,367.2710389,378.4744292,0.0191,0.0198,1293.07121,0.780960748,-0.22462119,1.000214442,66.2
2004.25,474.4248911,449.5754125,-0.947153288,376.386021,377.668035,0.0206,0.0198,1311.893094,0.787664614,-0.320781309,0.996160391,66.3
2004.333333,464.4150084,452.3785776,-0.910396773,376.8240726,389.1165506,0.0218,0.0198,1321.509642,0.790632312,-0.413736288,0.991039499,66.4
2004.416667,488.6407678,461.4862182,-0.864543874,395.9580458,410.7048869,0.0241,0.0198,1331.470607,0.795422036,-0.50255735,0.99131498,66.5
2004.5,504.6849839,470.3136952,-0.810052738,386.9800884,406.8685608,0.0233,0.0198,1359.705279,0.799871977,-0.586357025,0.993083232,66.6
2004.583333,510.3667002,480.2490189,-0.747467824,384.8635295,407.6709911,0.0228,0.0198,1379.164912,0.803864836,-0.664298015,0.993501938,66.7
2004.666667,518.3994,486.4026719,-0.677414457,383.9599763,425.9702849,0.0212,0.0198,1396.584497,0.809876881,-0.735601558,0.995940969,66.8
2004.75,532.2744006,492.6612701,-0.60059259,401.8484226,427.0158582,0.0214,0.0225,1404.476887,0.813059176,-0.799555214,0.99538796,66.9
2004.833333,529.8391657,509.2574259,-0.5177698,408.7377211,471.0715106,0.0209,0.0225,1427.587219,0.815120156,-0.855519979,0.998830139,67
2004.916667,479.3221343,525.4693084,-0.429773625,411.4944156,483.4363801,0.0187,0.0225,1449.865691,0.813882138,-0.902936671,1.004175884,67.1
2005,555.4377155,533.1505803,-0.337483294,379.2053222,467.8841276,0.0184,0.0225,1468.006849,0.814037745,-0.941331518,1.011769657,67.2
2005.083333,651.7790556,537.2858324,-0.241820942,418.5663758,483.3671052,0.0195,0.0225,1483.525675,0.817075127,-0.970320891,1.017148206,67.3
2005.166667,572.8893727,538.7380137,-0.143742394,434.3215048,505.1347492,0.017,0.0225,1490.34847,0.820088545,-0.989615139,1.017898061,67.4
2005.25,583.160068,548.2168623,-0.044227621,442.441764,503.3219463,0.0129,0.0225,1518.348507,0.822644214,-0.99902148,1.014561576,67.5
2005.333333,592.9583189,558.9617287,0.055729061,438.1631926,506.8685249,0.0114,0.0225,1535.638126,0.82409144,-0.998445928,1.008436838,67.6
2005.416667,604.514317,559.7436847,0.155128916,454.9378945,533.9120837,0.011,0.0225,1527.115684,0.824552158,-0.987894235,1.00448943,67.7
2005.5,625.8635473,565.4360342,0.252978774,427.934985,512.085763,0.0119,0.0225,1566.409055,0.828507173,-0.967471829,1.006542725,67.8
2005.583333,652.7294623,570.0372911,0.348300952,455.7393096,525.435743,0.0123,0.0225,1584.617981,0.830637821,-0.937382764,1.009717465,67.9
2005.666667,667.5485249,574.4754276,0.440143022,463.8543823,523.6092342,0.0119,0.0225,1605.669164,0.83281425,-0.897927681,1.012276818,68
2005.75,680.2059207,580.0232292,0.527587329,481.0860274,541.6078453,0.0112,0.0225,1634.611667,0.836656601,-0.849500801,1.014437887,68.1
2005.833333,685.4292476,582.3889434,0.609760157,481.1837228,542.4587996,0.0119,0.0225,1656.631299,0.837942751,-0.792585989,1.015217727,68.2
2005.916667,661.0536258,570.9086131,0.685840464,498.0281448,561.8517369,0.0156,0.0225,1660.967834,0.840136831,-0.727751921,1.017141058,68.3
2006,703.3363458,593.8503509,0.755068079,496.1922072,579.3185969,0.0154,0.0225,1661.009068,0.843465281,-0.655646396,1.019050219,68.4
2006.083333,755.8405807,613.0217248,0.816751303,493.3826051,575.5276756,0.0138,0.0225,1747.949894,0.845918234,-0.576989869,1.021599222,68.5
2006.166667,731.2713192,612.0181388,0.870273819,511.6241992,631.8898939,0.0149,0.0225,1745.210816,0.846872056,-0.49256825,1.021138131,68.6
2006.25,741.5886861,620.3677124,0.915100846,502.3287241,610.8877209,0.0164,0.0225,1763.060584,0.850724749,-0.403225051,1.020263331,68.7
2006.333333,761.0357235,634.2909938,0.950784488,513.3418826,614.6452308,0.0168,0.0225,1789.941603,0.8544609,-0.309852962,1.021217269,68.8
2006.416667,769.3753579,635.2030023,0.976968205,524.096946,634.9258312,0.0196,0.0225,1804.265828,0.857379261,-0.213384923,1.024386965,68.9
2006.5,775.9363351,640.9570888,0.99339038,497.2215704,612.7623878,0.0232,0.0225,1832.908734,0.859099645,-0.114784814,1.026999812,69
2006.583333,781.2706451,646.7023297,0.999886926,540.9074471,678.4835257,0.0242,0.0252,1851.883943,0.862502632,-0.015037812,1.029820604,69.1
2006.666667,807.24342,654.3049183,0.996392932,547.6744802,665.634132,0.0214,0.0252,1882.091086,0.866053874,0.084859442,1.033769262,69.2
2006.75,793.5589596,661.4892738,0.98294331,537.6667145,682.3203141,0.0236,0.0252,1923.7857,0.868929963,0.183908809,1.036571139,69.3
2006.833333,839.3906544,666.6865696,0.959672442,553.8265738,701.084919,0.0318,0.0252,1958.791951,0.875170611,0.28112062,1.038880983,69.4
2006.916667,852.87105,660.6679574,0.926812846,558.3476199,682.8185765,0.0216,0.0252,1982.948275,0.887027605,0.375523567,1.042645002,69.5
2007,873.7914396,684.342429,0.884692841,579.6432627,730.4046457,0.0169,0.0252,2058.48028,0.894954428,0.466174406,1.046046558,69.6
2007.083333,897.9529877,703.6300591,0.833733278,577.3084395,850.1504845,0.0301,0.0252,2105.089945,0.900853091,0.552167385,1.046984103,69.7
2007.166667,907.4449087,706.1180001,0.774443328,570.3558903,659.8854802,0.0168,0.0279,2110.116823,0.906668652,0.63264329,1.048563118,69.8
2007.25,925.5013801,715.6505798,0.707415396,589.1113208,753.549131,0.0317,0.0279,2150.109875,0.909246869,0.706798032,1.052017387,69.9
2007.333333,944.3432837,731.3535217,0.633319203,573.8913157,750.3543533,0.0241,0.0306,2196.276385,0.914525449,0.773890682,1.055635423,70
2007.416667,958.7042511,734.3422415,0.552895094,572.1952399,769.8886682,0.029,0.0306,2237.33671,0.920898013,0.833250871,1.059548703,70.1
2007.5,969.3883166,743.7850754,0.46694664,585.6870763,771.2652481,0.0287,0.0333,2262.674764,0.928022393,0.884285494,1.063008821,70.2
2007.583333,988.5050889,755.0141127,0.37633261,608.5617218,784.9401572,0.0227,0.036,2297.081154,0.936664696,0.926484628,1.068632047,70.3
2007.666667,995.9843325,764.7353059,0.281958388,596.2465235,772.1034182,0.05,0.0387,2343.635392,0.939847626,0.959426635,1.075872861,70.4
2007.75,1039.609615,779.4442269,0.184766932,640.6668708,791.8403528,0.0486,0.0387,2379.535711,0.946532776,0.982782367,1.086254054,70.5
2007.833333,1061.930292,793.2177879,0.085729345,662.280632,815.6622319,0.0294,0.0387,2423.139795,0.956885606,0.996318463,1.100474704,70.6
2007.916667,1073.661412,800.6618401,-0.014164821,666.4685352,782.3097399,0.0349,0.0414,2459.7501,0.965035541,0.999899674,1.114250307,70.7
2008,1091.498964,826.1025175,-0.113917456,697.2979916,843.9739314,0.0333,0.0414,2505.507354,0.973047303,0.993490218,1.127940196,70.8
2008.083333,1105.245863,847.0518955,-0.212531866,716.1435436,833.9908589,0.0321,0.0414,2536.083491,0.984870853,0.977154136,1.139745314,70.9
2008.166667,1135.330693,858.2039713,-0.309022728,647.2158359,790.1827384,0.0251,0.0414,2601.415034,0.99272028,0.951054653,1.155503477,71
2008.25,1144.881582,873.0602119,-0.402425937,681.5608609,841.5376587,0.0315,0.0414,2624.053889,0.99968144,0.915452547,1.16535699,71.1
2008.333333,1155.165484,886.2624481,-0.491808239,714.8655987,864.9486914,0.0335,0.0414,2644.293092,1.003023567,0.870703541,1.173213667,71.2
2008.416667,1222.925348,900.632171,-0.576276556,671.9599197,818.5860192,0.0338,0.0414,2694.797433,1.007163079,0.817254753,1.180424538,71.3
2008.5,1242.659914,914.9831605,-0.654986908,697.0141101,871.5175907,0.0308,0.0414,2697.758038,1.010025077,0.755640226,1.186698879,71.4
2008.583333,1252.432044,926.9922483,-0.727152847,678.4861434,859.5786148,0.0339,0.0414,2711.004715,1.010877615,0.686475591,1.18631667,71.5
2008.666667,1269.093336,939.6093185,-0.792053315,648.7770037,850.0101209,0.0318,0.0414,2740.426368,1.011944871,0.610451919,1.180714608,71.6
2008.75,1294.22394,950.4454846,-0.849039848,683.1938235,864.8532375,0.0312,0.036,2736.907569,1.012515785,0.528328814,1.17021649,71.7
2008.833333,1331.922457,958.6507821,-0.897543056,507.2288015,740.4576947,0.0266,0.0252,2726.163602,1.000937839,0.440926822,1.15094678,71.8
2008.916667,1375.479613,958.3301414,-0.937078311,490.1970881,711.6025417,0.0151,0.0225,2733.144082,0.991458186,0.349119234,1.139049817,71.9
2009,1391.602305,964.4128678,-0.967250588,463.275857,669.3989803,0.0096,0.0225,2719.682192,0.985029565,0.253823363,1.132705676,72
2009.083333,1393.893807,968.4915853,-0.987758418,436.51069,588.167438,0.0095,0.0225,2708.439344,0.984647328,0.155991372,1.129903246,72.1
2009.166667,1460.685746,985.4913458,-0.998396892,468.4666413,640.2324337,0.0095,0.0225,2801.477305,0.985369455,0.056600767,1.12816769,72.2
2009.25,1504.46081,1002.312071,-0.999059714,510.0407093,640.826491,0.0094,0.0225,2799.627923,0.987594265,-0.043355374,1.12566415,72.3
2009.333333,1557.526526,1017.562602,-0.989740261,519.4300263,616.3878828,0.0095,0.0225,2836.386921,0.989068736,-0.142878322,1.125499721,72.4
2009.416667,1657.950955,1033.399342,-0.970531652,576.1787166,640.7375142,0.0104,0.0225,2893.045298,0.991792527,-0.240973677,1.129630442,72.5
2009.5,1613.459295,1052.058289,-0.94162581,597.8773373,666.8587104,0.016,0.0225,2914.174932,0.99430061,-0.336661303,1.137073603,72.6
2009.583333,1645.447276,1065.761593,-0.903311555,572.4705813,664.5585533,0.0154,0.0225,2961.357386,0.999588875,-0.428985121,1.141741414,72.7
2009.666667,1692.617259,1081.637004,-0.85597171,633.6070986,726.067057,0.0159,0.0225,3003.026779,1.00529548,-0.517022661,1.142490274,72.8
2009.75,1688.367871,1105.393794,-0.800079278,644.2713558,753.0019659,0.0151,0.0225,3059.130871,1.010077252,-0.599894282,1.13881122,72.9
2009.833333,1685.781828,1111.2695,-0.736192718,641.9739454,734.2530529,0.0144,0.0225,3092.925206,1.0183135,-0.676771957,1.139255849,73
2009.916667,1781.11651,1131.064103,-0.664950364,746.4440541,832.9326691,0.0148,0.0225,3118.862929,1.028343856,-0.74688755,1.144968218,73.1
2010,1776.584511,1182.058074,-0.587064046,706.3909988,785.9495117,0.0147,0.0225,3191.938157,1.032069939,-0.80954049,1.149796769,73.2
2010.083333,1742.899709,1236.514848,-0.503311978,752.538178,876.9102224,0.018,0.0225,3244.892429,1.038073442,-0.864104769,1.153713592,73.3
2010.166667,1829.790441,1198.42297,-0.414530983,762.7183773,790.5727678,0.0163,0.0225,3231.545854,1.042773308,-0.910035199,1.15728993,73.4
2010.25,1846.528234,1235.690234,-0.321608132,769.1495952,836.8694038,0.0164,0.0225,3304.690109,1.051363375,-0.946872858,1.163104586,73.5
2010.333333,1902.949361,1260.848565,-0.225471878,762.6875112,903.4422338,0.0193,0.0225,3371.923555,1.058056833,-0.974249677,1.1682055,73.6
2010.416667,2100.880606,1278.263238,-0.127082784,775.7140583,916.4541219,0.0272,0.0225,3413.324671,1.061025023,-0.991892114,1.171869621,73.7
2010.5,1978.366953,1297.224599,-0.027423921,753.2346588,914.4198771,0.0205,0.0225,3449.426423,1.066837782,-0.999623894,1.174411076,73.8
2010.583333,1999.893298,1320.610371,0.072508953,782.6964871,897.2908159,0.0203,0.0225,3505.501323,1.074429261,-0.997367762,1.179492274,73.9
2010.666667,2059.642194,1336.758676,0.171717342,791.3624136,900.0804152,0.0246,0.0225,3556.266404,1.080747923,-0.98514626,1.184806291,74
2010.75,2052.824211,1348.730399,0.269209987,797.609827,910.6921163,0.0202,0.025,3610.59419,1.08896871,-0.963081504,1.190793316,74.1
2010.833333,2202.576296,1362.978361,0.364012776,854.7876823,969.72484,0.0206,0.025,3681.843826,1.103662355,-0.931393955,1.202284122,74.2
2010.916667,2252.927362,1377.51601,0.455178469,890.2474523,942.7738165,0.043,0.0275,3741.083955,1.110239095,-0.890400225,1.211152572,74.3
2011,2325.396605,1394.68903,0.541796169,981.3078964,1031.381624,0.047,0.0275,3791.536135,1.121081808,-0.840509911,1.221880017,74.4
2011.083333,2348.717846,1414.671776,0.623000421,882.4663259,871.2498771,0.0403,0.03,3870.301929,1.127534466,-0.7822215,1.231353548,74.5
2011.166667,2386.866334,1439.344219,0.697979859,917.9054469,1028.510308,0.0239,0.03,3926.798377,1.137756969,-0.71611739,1.237377719,74.6
2011.25,2484.506891,1465.239111,0.765985313,899.7405419,1033.676677,0.0291,0.0325,3987.348139,1.144353676,-0.642858072,1.241925898,74.7
2011.333333,2486.797787,1486.498509,0.826337295,926.0613479,1010.992108,0.0378,0.0325,4020.930169,1.1520486,-0.563175528,1.24730234,74.8
2011.416667,2394.974991,1505.930657,0.878432787,896.2031724,1032.079014,0.0595,0.0325,4086.526028,1.160537044,-0.477865921,1.25330095,74.9
2011.5,2532.093874,1525.489033,0.92175127,903.9068568,1055.153222,0.0525,0.035,4131.685525,1.166328994,-0.387781635,1.259881614,75
2011.583333,2618.542419,1542.459439,0.955859918,966.9580388,1053.968296,0.0391,0.035,4158.555076,1.168767543,-0.293822764,1.265670172,75.1
2011.666667,2597.211193,1564.077963,0.980417931,931.4817272,1010.636815,0.04,0.035,4216.93215,1.170320879,-0.196928112,1.270063819,75.2
2011.75,2691.169159,1561.967708,0.995179931,963.9635841,998.7860021,0.0393,0.035,4220.619862,1.170443519,-0.09806582,1.269928524,75.3
2011.833333,2697.003613,1577.502146,0.999998422,983.0507312,1047.497166,0.0379,0.035,4239.90031,1.168430646,0.001776313,1.266899718,75.4
2011.916667,2502.238584,1592.745056,0.99482526,936.3715448,1007.338082,0.0402,0.035,4278.922918,1.168910254,0.101600698,1.263469948,75.5
2012,2721.650827,1620.613874,0.979712133,935.2430377,984.5860965,0.044537,0.035,4302.118391,1.169391803,0.200409922,1.260001555,75.6
2012.083333,2893.439923,1650.370339,0.954810046,969.3943872,972.7671981,0.041602,0.035,4328.704998,1.173064037,0.297216717,1.25839425,75.7
2012.166667,2870.573619,1659.41794,0.920367812,926.9564707,1075.743539,0.031853,0.035,4395.21897,1.176840603,0.39105382,1.261301121,75.8
2012.25,2923.309168,1676.814038,0.876729568,883.2772363,1045.766969,0.038544,0.035,4437.680605,1.180212332,0.480983643,1.265746316,75.9
2012.333333,2969.077427,1691.712703,0.824331331,1025.742377,1134.772941,0.029352,0.035,4441.380283,1.182653535,0.566107637,1.268571024,76
2012.416667,2961.259376,1710.778443,0.763696648,951.5051274,1129.508081,0.03228,0.0325,4494.976056,1.183384889,0.64557527,1.270084374,76.1
2012.5,3048.798458,1726.946773,0.695431361,947.5098668,1059.007656,0.034909,0.03,4510.180369,1.184554611,0.718592528,1.269721326,76.2
2012.583333,3088.241832,1744.99972,0.620217554,945.5592182,1077.237287,0.034779,0.03,4533.238025,1.184731124,0.784429848,1.268432487,76.3
2012.666667,3175.465443,1798.800628,0.538806738,953.8362284,1116.918575,0.034204,0.03,4609.989198,1.185655437,0.842429403,1.268913636,76.4
2012.75,3226.621411,1783.041555,0.452012343,962.1520945,1105.411416,0.031744,0.03,4618.360309,1.186606854,0.892011683,1.270283927,76.5
2012.833333,3247.64482,1797.248429,0.36070159,968.8691587,1060.657939,0.031895,0.03,4653.282029,1.189344741,0.932681276,1.26852181,76.6
2012.916667,3115.617922,1821.257932,0.265786826,970.5189635,1132.854097,0.033421,0.03,4711.613582,1.194286832,0.964031827,1.265393906,76.7
2013,3303.185218,1837.45833,0.168216408,998.3086753,1188.832675,0.030936,0.03,4751.029056,1.197797919,0.98575009,1.263066322,76.8
2013.083333,3430.106397,1853.758276,0.068965227,978.7238909,1207.90429,0.034574,0.03,4801.024345,1.201172181,0.997619064,1.262525535,76.9
2013.166667,3450.705325,1872.572697,-0.030975032,1066.767174,1190.796282,0.031527,0.03,4815.644889,1.201734199,0.999520159,1.264588213,77
2013.25,3483.524726,1896.538434,-0.130605798,1026.315779,1190.350497,0.033491,0.03,4858.278145,1.204802518,0.991434378,1.265950605,77.1
2013.333333,3528.910709,1915.572842,-0.228931594,1013.131284,1111.865647,0.036478,0.03,4880.206625,1.203034259,0.973442512,1.26695479,77.2
2013.416667,3566.706484,1939.697078,-0.324969982,930.664563,1072.99903,0.07021,0.03,4933.225701,1.204557569,0.945724331,1.268142583,77.3
2013.5,3654.238126,1954.765463,-0.417761377,1015.973883,1097.903142,0.041758,0.03,4947.164899,1.207156478,0.908556785,1.268370997,77.4
2013.583333,3727.346178,1972.587896,-0.506378638,998.1434849,1120.888508,0.040728,0.03,5008.597944,1.210836113,0.86231124,1.270362494,77.5
2013.666667,3794.93727,2045.119679,-0.589936331,987.2217186,1081.313831,0.037626,0.03,5103.146501,1.216194937,0.807449766,1.272885955,77.6
2013.75,3795.5071,2014.201452,-0.667599576,988.3804723,1132.46237,0.043465,0.03,5104.416046,1.21918367,0.744520521,1.275111257,77.7
2013.833333,3823.578544,2025.608629,-0.738592386,995.7504973,1163.700765,0.045213,0.03,5138.366435,1.220535809,0.674152273,1.277549389,77.8
2013.916667,3795.311513,2062.454188,-0.802205425,1000.897879,1132.525233,0.052578,0.03,5183.340857,1.219534863,0.597048118,1.279570775,77.9
2014,3905.978809,2073.143971,-0.857803093,1068.511716,1264.595448,0.047066,0.03,5192.411277,1.217765734,0.513978456,1.280391101,78
2014.083333,3953.122005,2079.81764,-0.904829876,1065.330711,966.9756345,0.042966,0.03,5174.787179,1.212563775,0.425773291,1.27830706,78.1
2014.166667,3991.196006,2104.49367,-0.942815898,951.1653266,1103.428773,0.033907,0.03,5252.325866,1.211941745,0.33331394,1.276435881,78.2
2014.25,4056.803607,2133.571364,-0.971381615,1031.423091,1191.77025,0.03582,0.03,5267.493169,1.213213107,0.237524226,1.274355606,78.3
2014.333333,4116.227923,2162.12785,-0.990241608,1002.021484,1189.436737,0.032331,0.03,5313.901437,1.217735927,0.139361249,1.273795925,78.4
2014.416667,4176.563376,2179.834386,-0.999207434,974.5420854,1148.287406,0.034038,0.03,5352.112604,1.219864473,0.03980582,1.274761243,78.5
2014.5,4227.339388,2184.014152,-0.99818951,994.5032084,1265.512574,0.03828,0.03,5381.670919,1.222429906,-0.060147335,1.275913717,78.6
2014.583333,4224.63398,2194.383848,-0.987198006,980.8545465,1221.913937,0.034767,0.03,5399.013726,1.223156283,-0.159499518,1.276980915,78.7
2014.666667,4251.827912,2293.257169,-0.966342746,1051.984655,1246.339964,0.032744,0.03,5512.412619,1.222921188,-0.257258035,1.276838248,78.8
2014.75,4295.406717,2230.801772,-0.935832109,1024.912958,1259.225182,0.030759,0.03,5482.254727,1.222868163,-0.352446114,1.276823943,78.9
2014.833333,4321.627814,2234.599412,-0.895970947,925.53803,1212.609833,0.032426,0.0275,5506.416146,1.221051057,-0.444112669,1.276409284,79
2014.916667,4412.335066,2312.271944,-0.847157539,953.4922805,1228.219329,0.043125,0.0275,5562.605151,1.220837462,-0.531341796,1.274942479,79.1
2015,4434.342121,2357.006198,-0.789879613,865.8918523,1229.962021,0.039937,0.0275,5572.556867,1.213983349,-0.613261932,1.27032219,79.2
2015.083333,4406.972638,2393.680949,-0.724709471,862.5009085,1441.119432,0.046494,0.0275,5589.274235,1.217182096,-0.689054557,1.265016497,79.3
2015.166667,4432.820833,2417.421441,-0.652298272,840.7234726,948.1791091,0.044913,0.025,5591.730229,1.218604056,-0.757962377,1.264587292,79.4
2015.25,4440.452803,2438.713361,-0.573369523,868.1727776,1111.472869,0.029375,0.025,5643.786276,1.220188365,-0.819296887,1.260973392,79.5
2015.333333,4525.421693,2472.010079,-0.488711857,815.6577041,1145.703913,0.021211,0.0225,5718.921192,1.222367237,-0.872445254,1.258004066,79.6
2015.416667,4605.456263,2499.993589,-0.399171142,894.5970724,1168.363089,0.02518,0.02,5755.731777,1.223493898,-0.916876436,1.255766808,79.7
2015.5,4675.552226,2544.180175,-0.305642042,910.7419013,1154.880693,0.025807,0.02,5780.602198,1.222156971,-0.952146492,1.250550183,79.8
2015.583333,4629.571679,2564.990915,-0.209059068,872.1961467,1195.763253,0.024787,0.0175,5817.534787,1.222853146,-0.977903015,1.247321649,79.9
2015.666667,4578.528646,2527.821804,-0.110387244,867.800318,1242.565971,0.024087,0.0175,5795.585069,1.219209653,-0.993888654,1.245961184,80
2015.75,4699.017182,2610.349837,-0.010612467,863.2647189,1211.756168,0.024268,0.015,5887.652755,1.219460853,-0.999943686,1.244729185,80.1
2015.833333,4760.511122,2624.054087,0.089268345,862.7456825,1169.103728,0.023673,0.015,5905.688944,1.219793134,-0.996007612,1.241024065,80.2
2015.916667,4817.176914,2575.62641,0.188257218,924.2221664,1269.923797,0.024554,0.015,5846.144948,1.218502737,-0.982119758,1.234996669,80.3
2016,4827.313769,2625.805852,0.285365088,749.9293251,1163.454887,0.02492,0.015,5941.416978,1.215186403,-0.958418889,1.230657122,80.4
2016.083333,4809.677779,2656.17663,0.379621683,795.111932,1142.304449,0.024183,0.015,5957.713553,1.218937632,-0.925141815,1.22782954,80.5
2016.166667,4837.859753,2677.46505,0.470085224,821.8287545,1115.074568,0.024858,0.015,6011.639571,1.222238765,-0.88262103,1.234585609,80.6
2016.25,4868.311946,2697.639921,0.555851829,834.0627847,1155.964169,0.024888,0.015,6065.188037,1.225886343,-0.831281387,1.242862893,80.7
2016.333333,4867.935063,2728.013773,0.636064546,867.9511912,1173.874935,0.024237,0.015,6118.919207,1.228274696,-0.771635855,1.248781207,80.8
2016.416667,4890.597756,2761.325178,0.709921917,872.4955571,1181.910191,0.024977,0.015,6172.57795,1.231314557,-0.704280393,1.249558898,80.9
2016.5,4916.409955,2791.157451,0.776685982,879.4016632,1179.366617,0.024732,0.015,6219.440909,1.233618408,-0.629887994,1.24751629,81
2016.583333,5041.566308,2817.424587,0.835689658,920.8696826,1211.612907,0.024763,0.015,6269.646876,1.235913922,-0.549201963,1.247099404,81.1
2016.666667,5021.706103,2809.66359,0.886343399,898.6352595,1173.412266,0.025252,0.015,6293.197522,1.239411986,-0.463028487,1.247319879,81.2
2016.75,5128.677572,2853.074145,0.928141089,919.5698138,1199.508658,0.027044,0.015,6371.160887,1.24240249,-0.372228583,1.250253688,81.3
2016.833333,5143.817707,2875.716314,0.960665101,960.6874046,1233.002206,0.027154,0.015,6449.623701,1.250616302,-0.277709495,1.259005434,81.4
2016.916667,5192.449054,2866.640882,0.983590465,1009.697573,1262.463533,0.030792,0.015,6488.024809,1.258130978,-0.180415624,1.268272714,81.5
2017,5204.803523,2906.801643,0.996688118,993.2583584,1276.837407,0.026699,0.015,6583.08911,1.265209795,-0.081319101,1.276720674,81.6
2017.083333,5200.307289,2922.144129,0.999827192,1038.608252,1131.040595,0.030793,0.015,6606.981813,1.267545556,0.018589936,1.283914515,81.7
2017.166667,5223.897999,2976.500946,0.992976324,1043.211505,1338.343696,0.035068,0.015,6719.027089,1.270747046,0.118313228,1.293386747,81.8
2017.25,5244.345434,2994.148088,0.976203965,1005.320311,1287.642786,0.033633,0.015,6744.16443,1.27360157,0.216854374,1.298783797,81.9
2017.333333,5255.388469,3025.805167,0.949677698,1032.452197,1287.523404,0.032901,0.015,6781.326558,1.275216846,0.313228782,1.304920279,82
2017.416667,5289.096276,3059.140421,0.913662566,1029.804775,1306.99392,0.034854,0.015,6856.417478,1.279181052,0.406473512,1.31233998,82.1
2017.5,5287.208463,3071.730436,0.868518419,1005.862399,1268.101575,0.033194,0.015,6894.086272,1.280763662,0.495656894,1.317288971,82.2
2017.583333,5273.135175,3089.530642,0.814696323,1032.916483,1251.067139,0.035421,0.015,6977.33972,1.288865274,0.579887835,1.330200744,82.3
2017.666667,5341.268049,3105.156352,0.752734051,1064.813654,1256.87029,0.034098,0.015,7047.097746,1.294297493,0.658324729,1.339859477,82.4
2017.75,5317.926001,3127.073296,0.683250709,1064.346635,1258.635132,0.033743,0.015,7118.451877,1.299659189,0.730183859,1.347360754,82.5
2017.833333,5410.893526,3148.28786,0.606940552,1084.076551,1326.308307,0.03486,0.015,7171.511051,1.302314491,0.794747234,1.353072621,82.6
2017.916667,5095.130402,3138.68587,0.524566046,1008.092703,1313.356534,0.038626,0.015,7212.676856,1.304376486,0.851369757,1.359058913,82.7
2018,5420.560457,3114.322157,0.436950249,1124.345066,1285.870359,0.032338,0.015,NaN,NaN,0.899485675,NaN,82.8
2018.083333,5746.810159,3057.732299,0.344968589,1113.371563,1498.78466,0.030925,0.015,NaN,NaN,0.93861423,NaN,82.9
2018.166667,NaN,NaN,0.249540118,NaN,NaN,NaN,NaN,NaN,NaN,0.968364461,NaN,83
2018.25,NaN,NaN,0.151618324,NaN,NaN,NaN,NaN,NaN,NaN,0.988439115,NaN,83.1
2018.333333,NaN,NaN,0.05218161,NaN,NaN,NaN,NaN,NaN,NaN,0.998637612,NaN,83.2
2018.416667,NaN,NaN,-0.047776485,NaN,NaN,NaN,NaN,NaN,NaN,0.998858052,NaN,83.3
2018.5,NaN,NaN,-0.147257214,NaN,NaN,NaN,NaN,NaN,NaN,0.989098232,NaN,83.4
2018.583333,NaN,NaN,-0.245266597,NaN,NaN,NaN,NaN,NaN,NaN,0.96945567,NaN,83.5
2018.666667,NaN,NaN,-0.340825358,NaN,NaN,NaN,NaN,NaN,NaN,0.940126627,NaN,83.6
2018.75,NaN,NaN,-0.432978704,NaN,NaN,NaN,NaN,NaN,NaN,0.90140415,NaN,83.7
2018.833333,NaN,NaN,-0.52080587,NaN,NaN,NaN,NaN,NaN,NaN,0.853675141,NaN,83.8
2018.916667,NaN,NaN,-0.603429316,NaN,NaN,NaN,NaN,NaN,NaN,0.797416491,NaN,83.9